method,pair,cost_bps,borrow_bps,days,months,cumulative_pnl_pct,annual_mean_pct,annual_vol_pct,sharpe,sortino,max_drawdown_pct,monthly_mean_bps,monthly_hac_t,monthly_hac_p,negative_month_pct,monthly_var95_pct,monthly_cvar95_pct,min_equity_per_initial_dollar
Selected,AAPL-GOOG,0.0,0,5031,240,-158.5617648514199,-7.942270869123001,24.57918127402721,-0.32313000097833156,-0.4457773867850472,-145.6071287523854,-66.06740202142497,-1.3207275364318558,0.18659222904858674,47.5,-13.885013284163291,-16.44644580095445,-0.64447351903075
Selected,IBM-SPY,0.0,0,5031,240,-12.748002881917325,-0.6385403948008678,15.922364522755588,-0.040103364917207625,-0.05795517604748907,-48.86939250351205,-5.311667867465547,-0.197311543501249,0.8435837465086009,45.416666666666664,-7.121049191092578,-9.659445924027832,0.7240213627396572
Selected,DIA-SPY,0.0,0,5031,240,-17.03372581360752,-0.8532098797513605,4.648786326233915,-0.1835338989311141,-0.258739657407176,-32.535650280823305,-7.0973857556698,-0.9512552373442726,0.3414748240882225,52.083333333333336,-1.830901363002868,-2.5827834952873103,0.6799848574379985
Selected,Portfolio,0.0,0,5031,240,-62.78116451564826,-3.1446737145584103,9.958089870508005,-0.3157908550184622,-0.43962106731517775,-72.34854798902808,-26.15881854818676,-1.4823243957979784,0.1382540000527694,53.333333333333336,-4.749564256608525,-5.911052636508931,0.30333487428171657
Selected,AAPL-GOOG,1.0,0,5031,240,-165.43555026999357,-8.28657496880111,24.578644665356748,-0.337145317881621,-0.46494613814699587,-150.81368656628902,-68.93147927916398,-1.3818938608688514,0.1670042932337058,48.75,-13.907192840725813,-16.451429193679832,-0.7097367040010265
Selected,IBM-SPY,1.0,0,5031,240,-19.77449928876039,-0.9904937031937224,15.921104450263526,-0.06221262515348474,-0.08985179278449289,-52.478752858554586,-8.239374703650155,-0.30743161303471084,0.7585148687842709,46.25,-7.159478133764691,-9.681185751553778,0.6539687732771222
Selected,DIA-SPY,1.0,0,5031,240,-24.748292074689072,-1.239628225565821,4.65103178302048,-0.2665275756857503,-0.3748412239410832,-38.79712721813957,-10.31178836445378,-1.414284920803652,0.1572782626005195,54.58333333333333,-1.8335358761546061,-2.5980618689740798,0.6150650809603175
Selected,Portfolio,1.0,0,5031,240,-69.98611387781433,-3.5055656325202174,9.958012720889993,-0.35203466100883923,-0.4894733154064531,-78.28920994483033,-29.16088078242263,-1.6632932698086107,0.09625374526074507,55.00000000000001,-4.762249046836317,-5.932363143062963,0.23660264901547412
Selected,AAPL-GOOG,5.0,0,5031,240,-192.9306919442882,-9.663791367513541,24.579147789936258,-0.3931703186011317,-0.5414008348863469,-172.9191470927409,-80.38778831012009,-1.6297215731426988,0.10316035575661549,49.583333333333336,-13.932557134289784,-16.477228869459715,-0.970789443882129
Selected,IBM-SPY,5.0,0,5031,240,-47.88048491613259,-2.3983069367651386,15.920199486760955,-0.15064553297586136,-0.2170084105216231,-69.84558995305714,-19.950202048388583,-0.7570882053959244,0.4489970197929283,49.166666666666664,-7.313193904453145,-9.768145061657563,0.3737584154269875
Selected,DIA-SPY,5.0,0,5031,240,-55.606557119015285,-2.785301608823664,4.67538521982809,-0.5957373516542187,-0.8281121257957824,-64.55078955672353,-23.169398799589707,-3.4393864015818183,0.0005830344150866789,60.83333333333333,-1.949638164662904,-2.6600695778482764,0.35538597504959624
Selected,Portfolio,5.0,0,5031,240,-98.8059113264787,-4.949133304367448,9.960502094729492,-0.4968758861048015,-0.6874134943099,-102.85830572926109,-41.16912971936611,-2.409730709621571,0.015964298993000912,55.833333333333336,-4.812988207747482,-6.017605169279096,-0.03032625204949002
Selected,AAPL-GOOG,5.0,100,5031,240,-207.80658167752813,-10.408916434652571,24.579797311083325,-0.4234744616856163,-0.5822099080229809,-184.67077598774583,-86.58607569897005,-1.7466287329803174,0.08070175977413727,50.0,-14.015668913932192,-16.571742010709567,-1.1114384634940953
Selected,IBM-SPY,5.0,100,5031,240,-62.715333068211635,-3.1413762538639105,15.920174314354663,-0.19732046847197154,-0.2835707957736547,-81.29110726681287,-26.13138877842151,-0.988338726689984,0.32298678507911793,49.583333333333336,-7.375296178153648,-9.842402688044157,0.2295677771455169
Selected,DIA-SPY,5.0,100,5031,240,-73.02665097363723,-3.6578644494845123,4.6749271057669874,-0.7824430984115609,-1.077595066378827,-80.79217631929075,-30.42777123901551,-4.490780987352241,7.096249060260123e-06,63.74999999999999,-2.009424132616326,-2.744118550460131,0.1924486568165915
Selected,Portfolio,5.0,100,5031,240,-114.51618857312566,-5.736052379333664,9.96043856606569,-0.5758835156993865,-0.793804040305978,-116.88796636226732,-47.715078572135695,-2.776527065250321,0.005494306040237253,55.833333333333336,-4.897497881576308,-6.092985620037688,-0.17687411782244844
Selected,AAPL-GOOG,5.0,300,5031,240,-237.55836114400802,-11.899166568930633,24.581229437263953,-0.48407532256674163,-0.6634311609006159,-209.37357085805505,-98.98265047667002,-1.9767155087415063,0.04807379677118484,50.416666666666664,-14.181892473217014,-16.760768293209274,-1.3948744739658272
Selected,IBM-SPY,5.0,300,5031,240,-92.38502937236967,-4.627514888061451,15.920286288334623,-0.2906678186718414,-0.41574513843298017,-104.89219094497916,-38.49376223848736,-1.4456911653990745,0.14826384339117343,50.83333333333333,-7.499500725554653,-9.990917940817345,-0.058813499417423865
Selected,DIA-SPY,5.0,300,5031,240,-107.86683868288107,-5.4029901308062085,4.674339553897173,-1.1558831078716847,-1.562765943229391,-113.33270044486443,-44.94451611786712,-6.54573677693442,5.92027767859765e-11,68.75,-2.1310134920808954,-2.914004923938075,-0.13342597964941594
Selected,Portfolio,5.0,300,5031,240,-145.93674306641958,-7.309890529266096,9.960413848936232,-0.7338942578221074,-1.0042271343418188,-145.76961337056912,-60.80697627767483,-3.4962543150244745,0.00047183877299521816,60.416666666666664,-5.06651722923396,-6.243746521554875,-0.46996984936835773
Selected,AAPL-GOOG,10.0,0,5031,240,-227.29961903715656,-11.385311865904086,24.585737256545983,-0.46308604647894924,-0.6364010241186747,-203.80596767989215,-94.70817459881523,-1.946491168376808,0.05159576778978164,50.0,-13.93839385970097,-16.511873708771958,-1.297105368733524
Selected,IBM-SPY,10.0,0,5031,240,-83.01296695034786,-4.15807347872941,15.928371672874347,-0.26104824549081274,-0.3746770169872342,-98.01607074979334,-34.58873622931161,-1.33770947548615,0.18099116093703493,50.416666666666664,-7.412061317825201,-9.88548098632327,0.023495468114317686
Selected,DIA-SPY,10.0,0,5031,240,-94.17938842442307,-4.717393337895968,4.7398567458861685,-0.9952607411585388,-1.3573522596861,-96.92129073388044,-39.2414118435096,-6.150568316341305,7.720579371841165e-10,65.83333333333333,-2.1026676950392043,-2.787774881405628,0.030787092661195614
Selected,Portfolio,10.0,0,5031,240,-134.83065813730914,-6.753592894176487,9.969903553216472,-0.6773980167538988,-0.9311271840581208,-135.50692327911347,-56.17944089054547,-3.393162187598108,0.0006909071766575699,57.91666666666667,-5.015283701387449,-6.136373740601502,-0.36398737838070083
Selected,AAPL-GOOG,14.5,0,5031,240,-258.231653420738,-12.934680314455568,24.59732611064066,-0.5258571706645829,-0.7212693216172091,-236.35187899821491,-107.59652225864082,-2.2380137127315995,0.02522016090688657,50.83333333333333,-14.142067043810178,-16.54305406415298,-1.6034304290685308
Selected,IBM-SPY,14.5,0,5031,240,-114.6322007811416,-5.741863366497254,15.944552243785537,-0.3601144314814592,-0.51496576644605,-125.71275303231539,-47.76341699214234,-1.874629954750155,0.06084364926359007,52.5,-7.421162909510702,-9.998479529665861,-0.2917411844670841
Selected,DIA-SPY,14.5,0,5031,240,-128.89493659929005,-6.456275894061041,4.829027077437879,-1.3369723943412894,-1.7859833288223532,-130.77778510803597,-53.70622358303752,-8.357157437309167,6.42475336753219e-17,71.25,-2.3778246841501245,-2.9566874513820536,-0.3077778510803597
Selected,Portfolio,14.5,0,5031,240,-167.2529302670565,-8.37760652500462,9.98432464632044,-0.8390759337029421,-1.14643078845764,-165.77896990235055,-69.6887209446069,-4.3246995221329865,1.5273990860224258e-05,60.83333333333333,-5.321484868107866,-6.261923603373516,-0.6725293026705648
Selected,AAPL-GOOG,20.0,0,5031,240,-296.0374732228931,-14.828352862685165,24.618758424334082,-0.6023192805705537,-0.824056113586648,-282.3202928734525,-123.34894717620547,-2.6022208047409703,0.009262219693322209,52.5,-14.260157054335771,-16.617068278808393,-1.9799942700031874
Selected,IBM-SPY,20.0,0,5031,240,-153.2779310187784,-7.677606562657951,15.97564419032181,-0.4805819703539163,-0.6837975063522236,-163.04377305802205,-63.865804591157676,-2.5436551203447153,0.010969933639185095,54.58333333333333,-7.431416799468716,-10.136588860417916,-0.6770304265110243
Selected,DIA-SPY,20.0,0,5031,240,-171.32505103523857,-8.581576796040572,4.975668710814478,-1.7247082341693598,-2.239589852853417,-173.0879757763316,-71.38543793134941,-10.282577886519597,8.443837619332156e-25,75.41666666666667,-2.7041026317826287,-3.3099233268026196,-0.7308797577633159
Selected,Portfolio,20.0,0,5031,240,-206.88015175897004,-10.362512073794566,10.009580757308877,-1.0352593505205483,-1.4036587702264844,-204.87731574411762,-86.20006323290417,-5.51890727801903,3.4111410979155395e-08,63.74999999999999,-5.502560546608687,-6.4398916075456505,-1.0688015175897045
Best-single,AAPL-GOOG,0.0,0,5031,240,-180.33124184126987,-9.03269189902604,23.713721178062748,-0.38090571408851953,-0.5193552966083845,-162.3708324454418,-75.13801743386244,-1.595445130365322,0.11061273074079556,48.75,-13.40497112830663,-16.088402767156776,-0.8287539048977819
Best-single,IBM-SPY,0.0,0,5031,240,-31.008172163284385,-1.553182147713708,15.690454733890464,-0.09898898241355145,-0.14109643542609474,-60.04032128288146,-12.92007173470183,-0.48277065708548755,0.629258587576296,44.583333333333336,-7.106875680695303,-9.69787854454989,0.5414196699259863
Best-single,DIA-SPY,0.0,0,5031,240,-21.69267458472952,-1.0865740400222301,4.638238652926079,-0.23426436656870903,-0.32891592008147563,-32.3033938952859,-9.03861441030397,-1.341032158719583,0.1799100117050606,51.66666666666667,-1.8304546936237092,-2.5368951554005443,0.6834495720796759
Best-single,Portfolio,0.0,0,5031,240,-77.67736286309459,-3.890816028920659,9.672208720826307,-0.4022675834675601,-0.5524030429226858,-79.93710924466735,-32.36556785962275,-1.8790066412064002,0.060243586414006886,52.083333333333336,-4.9185650619774846,-5.971055139663743,0.2232263713690542
Best-single,AAPL-GOOG,1.0,0,5031,240,-186.75765018507872,-9.354587129127378,23.71268944341665,-0.394497096225603,-0.5376864613402323,-168.00184525345477,-77.81568757711611,-1.6560347041831267,0.09771479103220101,48.75,-13.40497112830663,-16.097009662546938,-0.8927447508107291
Best-single,IBM-SPY,1.0,0,5031,240,-37.99369100692916,-1.9030829126905482,15.691007456248743,-0.12128494094448153,-0.17277577968251373,-64.11399828133779,-15.830704586220488,-0.5934377117491091,0.5528882570384375,45.416666666666664,-7.110893977998678,-9.723132624781151,0.4717768560954345
Best-single,DIA-SPY,1.0,0,5031,240,-29.24112168792164,-1.4646715693413344,4.639933579160683,-0.3156664948652732,-0.4421532980425337,-38.73444301524501,-12.183800703300687,-1.8317004994742947,0.06699605422034452,53.75,-1.8304546936237092,-2.5488291328541646,0.6161693016553946
Best-single,Portfolio,1.0,0,5031,240,-84.6641542933098,-4.2407805370530856,9.671617716856819,-0.438476856840791,-0.6013639240747723,-86.12422492300456,-35.27673095554575,-2.05929789549294,0.039465709970005314,53.75,-4.949494613785008,-6.001317117510938,0.15335845706690288
Best-single,AAPL-GOOG,5.0,0,5031,240,-212.46328356031378,-10.642168049532714,23.711141937039432,-0.4488256228987634,-0.6107922570184778,-191.96197361770592,-88.52636815013075,-1.9007789233015875,0.057330975870866274,48.75,-13.40497112830663,-16.13143724410758,-1.1487081344625154
Best-single,IBM-SPY,5.0,0,5031,240,-65.93576638150826,-3.3026859725979096,15.697389900780612,-0.2103971420391151,-0.2989722615810962,-84.47682616883527,-27.47323599229511,-1.0421612963314757,0.2973369037794428,47.5,-7.11605877166582,-9.824148945706185,0.19320560077323046
Best-single,DIA-SPY,5.0,0,5031,240,-59.43491010069011,-2.9770616866177515,4.661816588791026,-0.6386054942135356,-0.8842897105371,-65.38246794475148,-24.764545875287546,-3.850336847555868,0.00011795548433196569,59.583333333333336,-1.947267852249749,-2.609091438293909,0.34704821995826796
Best-single,Portfolio,5.0,0,5031,240,-112.61132001417072,-5.640638569582792,9.672060198525278,-0.5831889435968184,-0.7957393405869038,-111.72502939589481,-46.92138333923779,-2.7989756065786873,0.005126501011050901,57.08333333333333,-5.028245590586651,-6.126307205433449,-0.12611320014170824
Best-single,AAPL-GOOG,5.0,100,5031,240,-226.98435023336194,-11.369520226358022,23.71178750892132,-0.4794881120657966,-0.6514852799806841,-204.88789775586832,-94.57681259723412,-2.020347655359779,0.0433473388945074,48.75,-13.503486129194227,-16.219974981263192,-1.2924376864005471
Best-single,IBM-SPY,5.0,100,5031,240,-80.60509343588734,-4.0374644297045545,15.697425856681782,-0.2572055104172359,-0.36462847086303757,-95.88754127714503,-33.58545559828638,-1.2690772874799217,0.20441350004197723,48.333333333333336,-7.2133662791499225,-9.897646026221775,0.050670173468759905
Best-single,DIA-SPY,5.0,100,5031,240,-76.71742878227448,-3.842733463155073,4.661400789536531,-0.8243731094268649,-1.1310402553657055,-81.50756690744367,-31.9655953259477,-4.949906084533951,7.424930178051831e-07,62.5,-2.008109708358158,-2.692068785510439,0.18528095473446893
Best-single,Portfolio,5.0,100,5031,240,-128.10229081717458,-6.416572706405882,9.672127450481543,-0.663408618140823,-0.9018658661411895,-126.45769819774198,-53.37595450715607,-3.164704877241453,0.0015524032506434814,57.91666666666667,-5.086003523297565,-6.1980108324619305,-0.281022908171745
Best-single,AAPL-GOOG,5.0,300,5031,240,-256.0264835794581,-12.824224580008634,23.71321430119463,-0.5408049881859572,-0.7324728459456465,-231.8336701917575,-106.67770149144086,-2.2554978374577943,0.02410209786688201,49.583333333333336,-13.700516130969426,-16.397050455574423,-1.5798967902766137
Best-single,IBM-SPY,5.0,300,5031,240,-109.94374754464546,-5.507021343917841,15.697665642988772,-0.3508178521038575,-0.4950093440017286,-119.41869515526085,-45.80989481026894,-1.717036163970612,0.08597256454809166,50.416666666666664,-7.4079812941181284,-10.044640187252957,-0.2344006811401813
Best-single,DIA-SPY,5.0,300,5031,240,-111.28246614544321,-5.574077016229714,4.660913035622019,-1.1959195491588548,-1.6109467474867418,-113.8151019408505,-46.367694227268004,-7.1041463230616495,1.2106853477445268e-12,67.91666666666667,-2.1424020242878283,-2.8580234799434976,-0.13825357571312824
Best-single,Portfolio,5.0,300,5031,240,-159.08423242318227,-7.968440980052062,9.672370805623924,-0.8238353491802521,-1.1117397673440719,-156.79668658600522,-66.2850968429926,-3.881618922558392,0.00010376338819185505,63.74999999999999,-5.201519388719395,-6.3414180865188925,-0.5908423242318241
Best-single,AAPL-GOOG,10.0,0,5031,240,-244.59532527935775,-12.251644200039387,23.715011592069853,-0.5166197854246994,-0.7016164772296352,-225.58338919679363,-101.91471886639904,-2.2118981801669135,0.026973701035015372,49.166666666666664,-13.40497112830663,-16.174471721058378,-1.4686623640272702
Best-single,IBM-SPY,10.0,0,5031,240,-100.86336059973213,-5.05218979748211,15.71474193370041,-0.32149365346227177,-0.45524087282024767,-113.07585806291152,-42.02640024988839,-1.6140615275302892,0.10651408123440902,49.583333333333336,-7.11605877166582,-9.950419346862478,-0.1550084683795261
Best-single,DIA-SPY,10.0,0,5031,240,-97.17714561665069,-4.867549333213272,4.722650480351502,-1.03068168043869,-1.4009098767102361,-99.39054326505965,-40.49047734027113,-6.251076226030455,4.0763385061724316e-10,66.66666666666666,-2.1026676950392043,-2.761584081960601,0.006094567349403501
Best-single,Portfolio,10.0,0,5031,240,-147.54527716524683,-7.390461110244921,9.67892536740821,-0.7635621548576847,-1.035002108502756,-145.780612306799,-61.47719881885285,-3.7644587616876057,0.00016691020937771527,59.166666666666664,-5.1266843115887015,-6.28254481533659,-0.47545277165247013
Best-single,AAPL-GOOG,14.5,0,5031,240,-273.5141628264972,-13.70017273549539,23.72400558823065,-0.57748143265874,-0.7827419324769951,-257.5959587647195,-113.96423451104052,-2.4965760932891112,0.012539876132484725,50.0,-13.491267953502451,-16.213202750314096,-1.756621170635532
Best-single,IBM-SPY,14.5,0,5031,240,-132.29819539613362,-6.626743239877891,15.73923713589766,-0.4210333183660967,-0.5940917646547351,-141.37084326224698,-55.12424808172234,-2.1354645564142176,0.032723082363751654,52.5,-7.189222291116919,-10.064062707903144,-0.4684011306170037
Best-single,DIA-SPY,14.5,0,5031,240,-131.14515758101524,-6.568988215149243,4.808104080428583,-1.3662325326709024,-1.8198072038275765,-133.08105248098502,-54.643815658756345,-8.016783653745295,1.0855006994691387e-15,72.08333333333333,-2.2540882504223676,-2.930677213626172,-0.3308105248098503
Best-single,Portfolio,14.5,0,5031,240,-178.98583860121536,-8.965301396840841,9.691088720624677,-0.9251077619133538,-1.2463088830525233,-176.25979757380014,-74.57743275050639,-4.670586718744172,3.003406573282465e-06,62.5,-5.215279160490549,-6.423158664249414,-0.7898583860121551
Best-single,AAPL-GOOG,20.0,0,5031,240,-308.8594087174455,-15.470596501052727,23.742079722242305,-0.6516108395744035,-0.880983397266025,-289.35813190625737,-128.6914202989356,-2.850098998689387,0.0043705623119918565,51.66666666666667,-13.59882269837385,-16.260540674959977,-2.108570823156757
Best-single,IBM-SPY,20.0,0,5031,240,-170.71854903617987,-8.551197447250512,15.780538518966228,-0.5418824862645242,-0.7609644788088435,-179.78883858792102,-71.13272876507494,-2.7754090370072624,0.005513231944918884,54.166666666666664,-7.386452761949578,-10.202960149175066,-0.8514366066850372
Best-single,DIA-SPY,20.0,0,5031,240,-172.66161664857188,-8.648524626404317,4.949754286998567,-1.7472634245948826,-2.263840900232631,-174.25834152267225,-71.94234027023829,-9.522422882127847,1.6918760351744624e-21,76.25,-2.7769617849922006,-3.267775641967649,-0.7425834152267226
Best-single,Portfolio,20.0,0,5031,240,-217.4131914673991,-10.890106191569183,9.713622102679292,-1.1211169300651902,-1.4986854832495835,-213.72443354103257,-90.58882977808295,-5.822158533360206,5.8092404444866764e-09,65.83333333333333,-5.323561753592805,-6.595020035142866,-1.1741319146739988
BIC,AAPL-GOOG,0.0,0,5031,240,-183.1343954184433,-9.173100307184995,23.729577975436506,-0.3865682026321943,-0.5274078265878684,-163.19287866393265,-76.30599809101804,-1.600122720029247,0.10957136165564241,48.333333333333336,-14.148236942273076,-16.19093979004904,-0.8567854406695155
BIC,IBM-SPY,0.0,0,5031,240,-34.118409403854905,-1.70897220627538,15.637945459212583,-0.10928367864773407,-0.1557021407605469,-61.84409094309699,-14.216003918272888,-0.5232287261064912,0.6008150933129125,45.416666666666664,-7.106875680695303,-9.69787854454989,0.5103172975202811
BIC,DIA-SPY,0.0,0,5031,240,-21.739445803140633,-1.0889167844149155,4.601957112082579,-0.2366203677900281,-0.33414007499704645,-32.10659192165261,-9.058102417975267,-1.294642337353078,0.19544364019723925,52.083333333333336,-1.8304546936237092,-2.5415387917640695,0.682981859895565
BIC,Portfolio,0.0,0,5031,240,-79.66408354181296,-3.990329765958431,9.662111241989617,-0.412987355042783,-0.5662478297127748,-81.46517887445326,-33.19336814242206,-1.933022467563155,0.05323343010560678,52.916666666666664,-4.929806869584598,-5.89007328070426,0.20335916458186942
BIC,AAPL-GOOG,1.0,0,5031,240,-189.31425677406003,-9.482646135373312,23.72868236214594,-0.3996280109721075,-0.5450327211541761,-168.47276274931247,-78.88094032252499,-1.6575420225657211,0.09740994025021811,48.333333333333336,-14.14888456134027,-16.199546685439195,-0.9183108167005423
BIC,IBM-SPY,1.0,0,5031,240,-40.98624770588041,-2.052978418183634,15.638405624840141,-0.13127798750293765,-0.1869293632502623,-65.95852119375866,-17.077603210783504,-0.6305018380122388,0.5283663006167594,46.25,-7.110893977998678,-9.723132624781151,0.44185128910592186
BIC,DIA-SPY,1.0,0,5031,240,-29.206612738361404,-1.4629430351952044,4.6030211282589555,-0.317822359366086,-0.4477252105584645,-38.6529116709277,-12.169421974317252,-1.7650615189557601,0.07755342708474015,54.166666666666664,-1.8304546936237092,-2.5534727692176897,0.6165143911509969
BIC,Portfolio,1.0,0,5031,240,-86.50237240610062,-4.332855862917382,9.661601656500132,-0.4484614473835531,-0.6141195214404979,-87.61723905465341,-36.04265516920858,-2.1113013492246986,0.03474641815741749,54.58333333333333,-4.949494613785008,-5.9119091630972616,0.13497627593899342
BIC,AAPL-GOOG,5.0,0,5031,240,-214.03370219652692,-10.720829448126572,23.727583814659013,-0.45182979994377653,-0.6153251805237382,-190.80220808999198,-89.18070924855289,-1.88930073443327,0.0588515432020451,48.75,-14.14888456134027,-16.233974266999837,-1.164412320824649
BIC,IBM-SPY,5.0,0,5031,240,-68.45760091398232,-3.429003265816646,15.644368285300144,-0.21918451440692727,-0.3113229750253466,-86.42890084380184,-28.52400038082598,-1.0651753321693742,0.2867965943035432,48.333333333333336,-7.11605877166582,-9.824148945706185,0.16798725544848947
BIC,DIA-SPY,5.0,0,5031,240,-59.07528047924448,-2.959048038316361,4.622361060971531,-0.6401594335199826,-0.8913321324394091,-65.02374286758766,-24.614700199685203,-3.725287516330065,0.00019509272898837998,60.0,-1.947267852249749,-2.6137350746574346,0.35064451617272396
BIC,Portfolio,5.0,0,5031,240,-113.85552786325124,-5.7029602507531925,9.662350085049795,-0.5902249660335922,-0.804176751427317,-113.05309608178977,-47.439803276354695,-2.844141276682333,0.0044531298078918325,57.49999999999999,-5.028245590586651,-5.999252692669269,-0.13855527863251105
BIC,AAPL-GOOG,5.0,100,5031,240,-228.5748724255558,-11.449188600922295,23.72823951429278,-0.4825131925200704,-0.6560642823150097,-203.40812554550158,-95.23953017731492,-2.007210993756956,0.04472720152247638,48.75,-14.231554131306476,-16.322854176580588,-1.3083429083224885
BIC,IBM-SPY,5.0,100,5031,240,-83.02440680313974,-4.15864649461165,15.644424628525314,-0.2658229109320498,-0.376681802518076,-97.83963826982233,-34.59350283464154,-1.2872313343674915,0.1980136687307591,49.166666666666664,-7.2133662791499225,-9.897646026221775,0.026477039796237056
BIC,DIA-SPY,5.0,100,5031,240,-76.32901790168441,-3.8232781775441205,4.621963280246315,-0.8271978693306211,-1.140917910617311,-81.11990362969193,-31.803757459035168,-4.788098642567278,1.6836888991532182e-06,62.5,-2.008109708358158,-2.6968740679276557,0.18916506354037
BIC,Portfolio,5.0,100,5031,240,-129.3094323767933,-6.477037757692688,9.662486141222006,-0.6703282843594892,-0.909962396282515,-127.9619712566813,-53.87893015699721,-3.208325115495068,0.0013351047947395324,58.333333333333336,-5.086003523297565,-6.0749233579762,-0.2930943237679342
BIC,AAPL-GOOG,5.0,300,5031,240,-257.65721288361345,-12.905906906513733,23.7296867219849,-0.5438717779007494,-0.7371414984502613,-229.67304921003756,-107.35717203483897,-2.239056040700554,0.02515227003749892,49.583333333333336,-14.39689327123889,-16.500613995742103,-1.5962040833181677
BIC,IBM-SPY,5.0,300,5031,240,-112.15801858145448,-5.617932952201656,15.6447067075557,-0.35909480805341293,-0.5064728752218519,-121.35922976669295,-46.73250774227271,-1.7260196597927564,0.0843438759157,50.416666666666664,-7.4079812941181284,-10.044640187252957,-0.25654339150827243
BIC,DIA-SPY,5.0,300,5031,240,-110.8364927465642,-5.5517384559996374,4.621517705336047,-1.2012803606896387,-1.626009048992712,-113.36945936440077,-46.18187197773508,-6.863835649897554,6.703575126336175e-12,68.75,-2.1424020242878283,-2.8631520544680975,-0.13379384172434006
BIC,Portfolio,5.0,300,5031,240,-160.2172414038774,-8.025192771571676,9.662867921295113,-0.8305187276632112,-1.1191619036080596,-158.4309116191984,-66.75718391828224,-3.9207680280078683,8.826720033261409e-05,63.33333333333333,-5.201519388719395,-6.226264688590058,-0.6021724140387732
BIC,AAPL-GOOG,10.0,0,5031,240,-244.93300897461063,-12.268558589068155,23.731799479879296,-0.5169670593024307,-0.7026639029852123,-221.76717803698773,-102.05542040608775,-2.183541260593787,0.028995973886731235,48.75,-14.14888456134027,-16.277008743950635,-1.4720392009798
BIC,IBM-SPY,10.0,0,5031,240,-102.79679242410975,-5.1490343253579125,15.661084837499034,-0.32877890508766167,-0.4653612578431972,-114.71670737993564,-42.83199684337907,-1.6186091935279106,0.10553137576520673,49.583333333333336,-7.11605877166582,-9.950419346862478,-0.17434278662330294
BIC,DIA-SPY,10.0,0,5031,240,-96.41111515534836,-4.829179292217807,4.680014691641893,-1.0318726778448601,-1.409767528687498,-98.62451280375734,-40.17129798139515,-6.137541134696539,8.380852286871552e-10,67.08333333333333,-2.1026676950392043,-2.7662277183241266,0.01375487196242653
BIC,Portfolio,10.0,0,5031,240,-148.04697218468954,-7.415590735547956,9.669552833996082,-0.7669011031695615,-1.0381394977053382,-146.70234686004585,-61.686238410287324,-3.804244071966068,0.00014223788332738286,59.166666666666664,-5.1266843115887015,-6.1084321046342795,-0.4804697218468945
BIC,AAPL-GOOG,14.5,0,5031,240,-272.7423850748859,-13.661514815915574,23.740900346403123,-0.5754421532705422,-0.7806884585830324,-253.03960351765613,-113.6426604478691,-2.452470524477381,0.014187900271962364,50.0,-14.14888456134027,-16.31573977320636,-1.7489033931194196
BIC,IBM-SPY,14.5,0,5031,240,-133.70206478322444,-6.697062278945053,15.684904087042787,-0.4269750227212074,-0.6022399044906102,-142.43825293340674,-55.709193659676856,-2.122785596745852,0.03377182233640272,51.66666666666667,-7.189222291116919,-10.064062707903144,-0.4824398244879131
BIC,DIA-SPY,14.5,0,5031,240,-130.0133663638418,-6.512297420729107,4.7626515649394605,-1.3673680158905108,-1.8300298800020165,-131.94926126381148,-54.17223598493408,-7.9935245630398555,1.3113473992103816e-15,73.33333333333333,-2.237132431796832,-2.918447222686938,-0.3194926126381148
BIC,Portfolio,14.5,0,5031,240,-178.81927207398405,-8.956958171863244,9.681976912570505,-0.9251166629238767,-1.2447866465102175,-176.81572416934983,-74.50803003082667,-4.709114676975133,2.4879507121389673e-06,62.083333333333336,-5.215279160490549,-6.206693575402788,-0.7881927207398405
BIC,AAPL-GOOG,20.0,0,5031,240,-306.7316225307779,-15.364016870951309,23.75884219701818,-0.646665218092132,-0.8751940609554574,-292.45825912559724,-127.80484272115744,-2.7861236084255676,0.005334252656833749,51.66666666666667,-14.14888456134027,-16.363077697852233,-2.087292961290079
BIC,IBM-SPY,20.0,0,5031,240,-171.47517544436462,-8.589096444440445,15.725247594589261,-0.5461978511165559,-0.7667629207478235,-179.66158908531744,-71.44798976848526,-2.7413198071945155,0.0061192914790571306,52.916666666666664,-7.386452761949578,-10.202960149175066,-0.8590028707668849
BIC,DIA-SPY,20.0,0,5031,240,-171.08278450755606,-8.569441800020696,4.90096711316851,-1.7485205679089921,-2.275080372858451,-172.67950938165632,-71.284493544815,-9.644932031096321,5.164539651982034e-22,76.66666666666667,-2.4916694850987455,-3.246478697928116,-0.726795093816563
BIC,Portfolio,20.0,0,5031,240,-216.4298608275662,-10.840851705137483,9.704773036290037,-1.1170639091299912,-1.4916294597227076,-213.83758659117342,-90.17910867815257,-5.86456502090735,4.503116137069281e-09,65.83333333333333,-5.332290549027584,-6.33238379952852,-1.164298608275669
Distance,AAPL-GOOG,0.0,0,5031,240,-56.721860375912435,-2.8411665304571523,13.889533485609363,-0.204554496621562,-0.27742847697712286,-96.10458641388816,-23.63410848996351,-0.986044395226313,0.32411132787861086,17.916666666666668,-7.603484359304853,-11.986367377698253,0.045540472605052895
Distance,IBM-SPY,0.0,0,5031,240,-4.272942113062015,-0.21402930083315994,9.312263205213451,-0.022983596588349874,-0.03413165888507828,-31.308221051373774,-1.780392547109169,-0.1467401819153136,0.8833371013043623,15.416666666666668,-4.0627224558100945,-7.102522371379773,0.8110540760531981
Distance,DIA-SPY,0.0,0,5031,240,-21.065051250424794,-1.0551367352627805,2.9605092090097784,-0.35640380109329206,-0.49229892588607077,-28.118347652115894,-8.777104687676998,-2.1153119683099404,0.034403367080943235,18.75,-1.5138897994951561,-2.314826499168641,0.7578923949430856
Distance,Portfolio,0.0,0,5031,240,-27.35328457979975,-1.3701108555176977,5.796666261118795,-0.2363618662519407,-0.33023498887240915,-38.159875437715954,-11.397201908249896,-1.3541598385980425,0.17568538886648322,35.0,-3.247525461050786,-4.471876853795023,0.6527963317205205
Distance,AAPL-GOOG,1.0,0,5031,240,-57.62810061534089,-2.8865596014839805,13.890408679769939,-0.20780955175840005,-0.28180913265626417,-96.44059400755079,-24.011708589725373,-1.0018865107105541,0.3163984082906065,18.333333333333332,-7.603484359304853,-11.99469408856216,0.04160515867950221
Distance,IBM-SPY,1.0,0,5031,240,-5.204335220903629,-0.26068226508998493,9.312393220382994,-0.02799304742838853,-0.04155943798681756,-31.915141698439342,-2.1684730087098454,-0.17881135548651345,0.8580858286007874,15.833333333333332,-4.081722455810095,-7.112907279904086,0.8031941809949849
Distance,DIA-SPY,1.0,0,5031,240,-22.035785964089587,-1.10376029873794,2.9612149042133,-0.3727390055910765,-0.5145544347029163,-28.885674314685815,-9.181577485037327,-2.209346216888608,0.027150568860464137,20.416666666666668,-1.5138897994951561,-2.3200104551661194,0.7488124948230844
Distance,Portfolio,1.0,0,5031,240,-28.28940726677804,-1.417000721770635,5.797146383559792,-0.24443072988274495,-0.3413703312080404,-38.60647244726928,-11.787253027824184,-1.4007451628123542,0.1612902921632905,36.25,-3.2538587943841186,-4.480890912467727,0.6479192612887249
Distance,AAPL-GOOG,5.0,0,5031,240,-61.2530615730547,-3.068131885591291,13.894580648651472,-0.22081500429371118,-0.2992935766641081,-97.78577501504998,-25.522108988772793,-1.0652301868009872,0.286771776362704,18.75,-7.603484359304853,-12.028000932017786,0.025863902977299014
Distance,IBM-SPY,5.0,0,5031,240,-8.929907652270089,-0.4472941221172853,9.313922902682627,-0.0480242457223319,-0.07121507676976262,-34.35334722234343,-3.720794855112535,-0.3073493826948374,0.7585774514616226,15.833333333333332,-4.157722455810094,-7.1544469140013405,0.7717546007621314
Distance,DIA-SPY,5.0,0,5031,240,-25.918724818748746,-1.2982545526385776,2.967331350352034,-0.43751586841980317,-0.6021571860001119,-31.97536810944859,-10.799468674478643,-2.57916590239164,0.009903920922617672,20.833333333333336,-1.5156315469053236,-2.3411633634550104,0.7124928943430797
Distance,Portfolio,5.0,0,5031,240,-32.033898014691175,-1.6045601867823844,5.799830722856216,-0.27665638248010693,-0.3857344369652052,-40.47533325691312,-13.347457506121328,-1.5870545706981976,0.11250028570686237,37.083333333333336,-3.2791921277174527,-4.5169471471585405,0.6275651454064523
Distance,AAPL-GOOG,5.0,100,5031,240,-66.77084593515809,-3.344514644337078,13.895252369122058,-0.2406947751283192,-0.32569902814948454,-100.11627064968425,-27.821185806315864,-1.1564638972508055,0.2474914585611424,19.166666666666668,-7.691986838261261,-12.116887810576786,-0.0013561932694072798
Distance,IBM-SPY,5.0,100,5031,240,-14.390937946940527,-0.7208341010989888,9.314020440634888,-0.0773923683862834,-0.11445003096047505,-37.93981574597471,-5.996224144558555,-0.4954860633126048,0.6202570573051209,16.666666666666664,-4.216608211499592,-7.231868722646739,0.7264132714033884
Distance,DIA-SPY,5.0,100,5031,240,-31.72201366982793,-1.5889380729073026,2.9685723118012466,-0.5352532820543554,-0.7308122007288366,-36.55091888830958,-13.217505695761638,-3.0662887227352558,0.0021673391930604165,22.5,-1.6068241333417024,-2.42698508618497,0.6589172511046771
Distance,Portfolio,5.0,100,5031,240,-37.62793251730885,-1.8847622727811228,5.800022417889123,-0.32495775653692544,-0.4516972898807192,-43.60812939769354,-15.678305215545356,-1.8548301790818098,0.06362048097892684,37.5,-3.296812964868763,-4.563185729051642,0.5940138391340594
Distance,AAPL-GOOG,5.0,300,5031,240,-77.80641465936488,-3.897280161828652,13.896784132560752,-0.28044475071733754,-0.37823819788740365,-104.7973224614668,-32.41933944140204,-1.335881442553655,0.1815880274396936,20.0,-7.868991796174074,-12.294661567694787,-0.05579638576282431
Distance,IBM-SPY,5.0,300,5031,240,-25.312998536281444,-1.2679140590623978,9.314478510568032,-0.1361229249306707,-0.20020520732650635,-45.20773048924526,-10.547082723450604,-0.8699692907652264,0.3843171866863343,17.083333333333332,-4.334379722878585,-7.386712339937533,0.6357306126859028
Distance,DIA-SPY,5.0,300,5031,240,-43.32859137198631,-2.1703051134447526,2.9718932398142743,-0.730276944127503,-0.9815822343296108,-45.94157971635742,-18.05357973832763,-3.900181330817903,9.612066878603777e-05,24.166666666666668,-1.7827279955686977,-2.5992286530009774,0.5517659646278706
Distance,Portfolio,5.0,300,5031,240,-48.816001522544205,-2.4451664447786006,5.800595525902167,-0.4215371393954079,-0.582391600806362,-51.975125493943295,-20.340000634393416,-2.3777640732656455,0.017417966211383556,38.75,-3.421493542816665,-4.6556628928378485,0.5049887832407236
Distance,AAPL-GOOG,10.0,0,5031,240,-65.78426277019696,-3.2950972407254295,13.901304586310683,-0.2370351084868882,-0.3210547552538757,-99.46984463491974,-27.410109487582066,-1.1443362617387403,0.2524842104221655,19.166666666666668,-7.603484359304853,-12.069634486337318,0.006187333349545354
Distance,IBM-SPY,10.0,0,5031,240,-13.586873191478166,-0.6805589434014108,9.318105475773141,-0.07303619230012455,-0.10813025095784107,-37.424986881310055,-5.661197163115899,-0.46846566660336236,0.6394516179800384,16.25,-4.252722455810095,-7.206371456622908,0.732455125471065
Distance,DIA-SPY,10.0,0,5031,240,-30.77239838707269,-1.5413723700143747,2.982341474499051,-0.5168329593355105,-0.7074628793547884,-35.88396987825142,-12.821832661280286,-3.024991578779852,0.0024864005022202564,22.5,-1.518309641901393,-2.375800455637916,0.6670933937430741
Distance,Portfolio,10.0,0,5031,240,-36.71451144958261,-1.8390095180470718,5.804902595386311,-0.3168028210341895,-0.44073688213951423,-43.006443004240346,-15.297713103992754,-1.8197416512418545,0.06879835718263841,37.5,-3.3108587943841186,-4.562017440522059,0.6001245753640382
Distance,AAPL-GOOG,14.5,0,5031,240,-69.86234384762498,-3.499366060346153,13.908787775137895,-0.25159389279066485,-0.34053953564614015,-100.9879766893448,-29.109309936510417,-1.2154391417434536,0.2241986469430889,19.583333333333332,-7.603484359304853,-12.107104685224893,-0.011521579315433073
Distance,IBM-SPY,14.5,0,5031,240,-17.77814217676542,-0.8904972825571231,9.324024086445707,-0.09550568234284543,-0.14116909365628316,-40.21241892770506,-7.407559240318921,-0.6137275874240898,0.5393953551353992,16.666666666666664,-4.277308180932924,-7.258743755619094,0.697085597709105
Distance,DIA-SPY,14.5,0,5031,240,-35.14070459856424,-1.7601784056525918,3.0027512112450876,-0.5861885590324134,-0.7971788371266016,-39.44667386774271,-14.641960249401768,-3.4081759634641755,0.0006539870722366961,22.916666666666664,-1.518309641901393,-2.4069738386025312,0.626233843203069
Distance,Portfolio,14.5,0,5031,240,-40.92706354098489,-2.0500139161852897,5.811094027900546,-0.35277589836658113,-0.4897445137168743,-45.28989476216749,-17.05294314207704,-2.0288062746228874,0.04247802595606122,38.333333333333336,-3.3393587943841196,-4.602580704549224,0.5754280623258657
Distance,AAPL-GOOG,20.0,0,5031,240,-74.84666516448146,-3.7490279509937046,13.91977245995228,-0.26933112317602903,-0.3642107800656544,-102.84665660449323,-31.18611048520061,-1.3021911223221077,0.19285105922793178,19.583333333333332,-7.603484359304853,-12.15290159497638,-0.03316580590596163
Distance,IBM-SPY,20.0,0,5031,240,-22.900804269894305,-1.1470885859696611,9.334023637124005,-0.12289325917360773,-0.1812586816400315,-43.64920392439948,-9.542001779122627,-0.7913627508092131,0.42873234004503147,16.666666666666664,-4.282808180932924,-7.325027419169484,0.6538561748889318
Distance,DIA-SPY,20.0,0,5031,240,-40.47974552372059,-2.027608004765969,3.036373760053588,-0.6677728649355027,-0.8992345362078683,-43.860112343157,-16.866560634883577,-3.850662188272365,0.00011779888919797396,24.166666666666668,-1.518309641901393,-2.4450746400037273,0.5762943925430625
Distance,Portfolio,20.0,0,5031,240,-46.07573831936546,-2.307908180576445,5.820746753606478,-0.39649692355134464,-0.5489197674408386,-49.3100382571655,-19.198224299735607,-2.283640915453259,0.022392643092420214,38.333333333333336,-3.374192127717453,-4.652158027249093,0.532406269921301
Cointegration,AAPL-GOOG,0.0,0,5031,240,25.815999725800452,1.2931091097002017,3.034929346408377,0.42607552338261323,0.9151241131064619,-4.754173951018615,10.756666552416856,1.5190998975850418,0.12873735251750548,1.25,0.0,-0.013325143663550426,0.9859270233437959
Cointegration,IBM-SPY,0.0,0,5031,240,-7.506765169789925,-0.37600970439019304,4.265807772996459,-0.08814501834105619,-0.11695172399748194,-20.55682128120987,-3.127818820745802,-0.40767167598169535,0.6835147345946209,5.416666666666667,-0.4455393374119301,-3.0706852190714455,0.9034769877890755
Cointegration,DIA-SPY,0.0,0,5031,240,0.0,0.0,0.0,,,0.0,0.0,,,0.0,0.0,0.0,1.0
Cointegration,Portfolio,0.0,0,5031,240,6.103078185336841,0.3056998017700028,1.7810557426144975,0.1716396598128093,0.2600733151192458,-6.104470702036724,2.5429492438903507,0.9958151032476705,0.31933999056954054,5.416666666666667,-0.021953733025295148,-0.8424681456059001,0.9778063675809624
Cointegration,AAPL-GOOG,1.0,0,5031,240,25.64096325030199,1.284341629711012,3.034248645048117,0.4232816027806597,0.9085957683477768,-4.758359501879427,10.683734687625826,1.5178281723117815,0.12905772103906832,1.25,0.0,-0.013587016733706766,0.9857542720990673
Cointegration,IBM-SPY,1.0,0,5031,240,-7.741433762596869,-0.387764124065675,4.26625971462347,-0.09089088569468352,-0.12057552432867986,-20.670646470293207,-3.225597401082028,-0.41968221795110067,0.6747176170264727,5.416666666666667,-0.47025920116105285,-3.079712990086828,0.9014020094897297
Cointegration,DIA-SPY,1.0,0,5031,240,0.0,0.0,0.0,,,0.0,0.0,,,0.0,0.0,0.0,1.0
Cointegration,Portfolio,1.0,0,5031,240,5.966509829235038,0.2988591685484456,1.7809261421323102,0.16781109641673309,0.2541751559561592,-6.159966779682513,2.486045762181266,0.9761950718874725,0.3289678049208695,5.416666666666667,-0.02236358084293557,-0.8471151881019388,0.9777555105323535
Cointegration,AAPL-GOOG,5.0,0,5031,240,24.940817348308126,1.2492717097542532,3.032184580235144,0.4120038463019204,0.8819519365186674,-4.775175664534858,10.392007228461718,1.5125090419024552,0.1304044141689155,1.25,0.0,-0.014634509014332114,0.9850632671201529
Cointegration,IBM-SPY,5.0,0,5031,240,-8.680108133824643,-0.43478180276760287,4.268739133763615,-0.10185251174724964,-0.13501855216746494,-21.127925210490417,-3.616711722426932,-0.4671764634759265,0.6403736315068616,5.416666666666667,-0.5691386561575446,-3.1158240741483563,0.8931020962923466
Cointegration,DIA-SPY,5.0,0,5031,240,0.0,0.0,0.0,,,0.0,0.0,,,0.0,0.0,0.0,1.0
Cointegration,Portfolio,5.0,0,5031,240,5.420236404827827,0.27149663566221677,1.7807567620577933,0.15246138127729628,0.23056969663228288,-6.382578784168203,2.258431835344929,0.8957739535508966,0.37037350358569643,5.416666666666667,-0.024002972113497265,-0.8657033580860929,0.9775520823379183
Cointegration,AAPL-GOOG,5.0,100,5031,240,24.464154450363118,1.225395929535183,3.0305214400966856,0.40435151301753797,0.8614104395802402,-4.7996207536324835,10.193397687651299,1.507690744755576,0.13163369538158382,1.25,0.0,-0.015036110765538372,0.9845446965719238
Cointegration,IBM-SPY,5.0,100,5031,240,-10.45403581304736,-0.5236368564674886,4.269488177226719,-0.12264628328532373,-0.16209299609976957,-22.17415939434807,-4.355848255436403,-0.5515204493515069,0.5812769523761041,5.416666666666667,-0.683003501591166,-3.213721868506313,0.8766069303442054
Cointegration,DIA-SPY,5.0,100,5031,240,0.0,0.0,0.0,,,0.0,0.0,,,0.0,0.0,0.0,1.0
Cointegration,Portfolio,5.0,100,5031,240,4.670039545771916,0.23391969102256466,1.7805427618136063,0.13137549742658314,0.1978752069910226,-6.828081553024012,1.9458498107382993,0.7692389860500255,0.4417514504229466,5.416666666666667,-0.08273780820134208,-0.8958644095712334,0.9774278896444117
Cointegration,AAPL-GOOG,5.0,300,5031,240,23.510828654473098,1.1776443690970424,3.0273027444640697,0.38900779621415876,0.8208197669029085,-4.848823831654014,9.796178606030457,1.4972429673202432,0.13433004889506575,1.25,0.0,-0.015839314267950887,0.9835075554754654
Cointegration,IBM-SPY,5.0,300,5031,240,-14.001891171492822,-0.7013469638672613,4.271313764143254,-0.16419935471725722,-0.21571691925137293,-24.351836681995888,-5.834121321455341,-0.7080139856458089,0.47893657242937804,5.416666666666667,-0.8696804445947085,-3.412357099592917,0.8436165984479231
Cointegration,DIA-SPY,5.0,300,5031,240,0.0,0.0,0.0,,,0.0,0.0,,,0.0,0.0,0.0,1.0
Cointegration,Portfolio,5.0,300,5031,240,3.1696458276600907,0.15876580174326035,1.78025252381323,0.08918161868586504,0.1332452212501198,-7.747031809139893,1.3206857615250387,0.5143445222044122,0.6070111391503963,5.416666666666667,-0.19963955190289442,-0.9561865125415138,0.9771795042573985
Cointegration,AAPL-GOOG,10.0,0,5031,240,24.065634970815804,1.205434309808305,3.0310888667744087,0.3976901908161772,0.8474781782189849,-4.796363752832534,10.027347904506584,1.505295144571307,0.13224821295842032,1.25,0.0,-0.015943874365113797,0.9841995108965099
Cointegration,IBM-SPY,10.0,0,5031,240,-9.853451097859356,-0.49355390114501246,4.2733471965470144,-0.11549585803461465,-0.15293597315050853,-21.70401293685901,-4.1056046241080635,-0.5252655896735654,0.5993985747594005,5.416666666666667,-0.692737974903159,-3.1609629292252674,0.8827272047956177
Cointegration,DIA-SPY,10.0,0,5031,240,0.0,0.0,0.0,,,0.0,0.0,,,0.0,0.0,0.0,1.0
Cointegration,Portfolio,10.0,0,5031,240,4.737394624318816,0.2372934695544309,1.7813303689483881,0.13321137599788271,0.2010592789683428,-6.662264110748328,1.9739144267995072,0.7911714231371374,0.4288439649696716,5.416666666666667,-0.02605221120169939,-0.8889385705662856,0.9772977970948744
Cointegration,AAPL-GOOG,14.5,0,5031,240,23.277970831072714,1.1659806498569516,3.031514198203634,0.38461988749644305,0.8153160101046333,-4.8155944414310365,9.699154512946963,1.4982055125726361,0.13407986384947748,1.25,0.0,-0.017122303180817318,0.9834221302952312
Cointegration,IBM-SPY,14.5,0,5031,240,-10.909459765490597,-0.5464487896846811,4.2789235968323815,-0.12770706868643517,-0.1689084051832787,-22.226807168405394,-4.545608235621083,-0.5762797377255883,0.5644261162774427,5.416666666666667,-0.8039773617742121,-3.201587898794487,0.8733898024485617
Cointegration,DIA-SPY,14.5,0,5031,240,0.0,0.0,0.0,,,0.0,0.0,,,0.0,0.0,0.0,1.0
Cointegration,Portfolio,14.5,0,5031,240,4.122837021860704,0.2065106200574235,1.7825920076922301,0.11584850552806819,0.174520960438213,-6.915340566715766,1.7178487591086269,0.6936060064636278,0.4879293259045706,5.416666666666667,-0.027896526381081296,-0.9098502617984591,0.9770689403761348
Cointegration,AAPL-GOOG,20.0,0,5031,240,22.315270215831156,1.1177595099164086,3.033849055877491,0.36842950632331806,0.7748184348225627,-4.839309066261421,9.298029256596315,1.4886731940287266,0.13657344709780023,1.25,0.0,-0.01856260506667717,0.9824719984492238
Cointegration,IBM-SPY,20.0,0,5031,240,-12.200137025928786,-0.6110980978998317,4.287569836736062,-0.1425278470484422,-0.1881972153659838,-22.871403027814495,-5.083390427470326,-0.6369418450649783,0.5241627247398282,5.416666666666667,-0.9399366123943879,-3.251240639379089,0.8619774218021599
Cointegration,DIA-SPY,20.0,0,5031,240,0.0,0.0,0.0,,,0.0,0.0,,,0.0,0.0,0.0,1.0
Cointegration,Portfolio,20.0,0,5031,240,3.371711063300791,0.16888713733885893,1.7850907007798191,0.09460983537983833,0.1421669124326852,-7.226420473875661,1.4048796097086627,0.5707298622117828,0.5681827730508424,5.416666666666667,-0.030150689378103626,-0.9354089955266709,0.9767892266087864
