window,pair,method,spread_sd,ssd,alpha,beta,eg_stat,eg_pvalue,eligible,spread_mean
2006-01-01,AAPL-GOOG,Distance,0.203973058740112,13.208437847472544,,,,,,
2006-01-01,AAPL-GOOG,Cointegration,0.19983493716471404,,0.06221083941973325,0.886798947130254,-1.3154850445970827,0.8250141889022786,False,0.062210839419733724
2006-01-01,IBM-SPY,Distance,0.07061820245636197,6.941794582269168,,,,,,
2006-01-01,IBM-SPY,Cointegration,0.02863013673012716,,0.995373041854653,0.018676205658473173,-1.3671965515345486,0.8085360159040934,False,0.9953730418546535
2006-01-01,DIA-SPY,Distance,0.014907783070895844,0.14862901943633058,,,,,,
2006-01-01,DIA-SPY,Cointegration,0.014288683578963034,,-0.1857075846160377,1.2065001905782238,-1.657084304415345,0.6962056421052839,False,-0.1857075846160452
2006-07-01,AAPL-GOOG,Distance,0.16744034970837904,49.42440351809627,,,,,,
2006-07-01,AAPL-GOOG,Cointegration,0.08343056787019279,,0.3859249250163429,0.5217554268036739,-2.305912062548509,0.3706064539359806,False,0.3859249250163425
2006-07-01,IBM-SPY,Distance,0.043470230710932735,0.9676568243914264,,,,,,
2006-07-01,IBM-SPY,Cointegration,0.03349070732211633,,0.8302882631900598,0.20701836362324832,-1.5316655351190909,0.7488504903212375,False,0.8302882631900607
2006-07-01,DIA-SPY,Distance,0.011157712367485261,0.03441868604617628,,,,,,
2006-07-01,DIA-SPY,Cointegration,0.01004602587688782,,0.1335563975949771,0.870918232506398,-1.6967824012527017,0.6783729639605529,False,0.13355639759497864
2007-01-01,AAPL-GOOG,Distance,0.08288230080192363,1.7189951772252854,,,,,,
2007-01-01,AAPL-GOOG,Cointegration,0.06321807482135618,,0.3958559932685383,0.5794345030717043,-2.9095379867967477,0.13330377826216167,False,0.3958559932685391
2007-01-01,IBM-SPY,Distance,0.03474827821280639,0.43408978973104084,,,,,,
2007-01-01,IBM-SPY,Cointegration,0.016098846917482354,,0.4533449292720867,0.5779372644424,-3.0478819755291706,0.09925781132695277,False,0.4533449292720847
2007-01-01,DIA-SPY,Distance,0.012491992477005567,0.1533095492417057,,,,,,
2007-01-01,DIA-SPY,Cointegration,0.009779865570308834,,0.13819789831987084,0.8500629093299819,-1.8681552064326352,0.5960663007592459,False,0.13819789831987012
2007-07-01,AAPL-GOOG,Distance,0.2219342790570149,56.42399256529671,,,,,,
2007-07-01,AAPL-GOOG,Cointegration,0.060383406651971054,,0.6649000421459573,0.27258127383785813,-2.09709751883989,0.47788449848513465,False,0.664900042145958
2007-07-01,IBM-SPY,Distance,0.06203577943894931,2.845056077155862,,,,,,
2007-07-01,IBM-SPY,Cointegration,0.01432707139030367,,0.47828923933089423,0.525711458263941,-3.5721237047447403,0.026515251663047745,True,0.4782892393308938
2007-07-01,DIA-SPY,Distance,0.008859630442954063,0.02025860344400015,,,,,,
2007-07-01,DIA-SPY,Cointegration,0.0066541237869563626,,0.08583367778214679,0.9208948029635335,-1.8963082235526743,0.5818781353968224,False,0.0858336777821466
2008-01-01,AAPL-GOOG,Distance,0.25956782761440184,52.80811637355605,,,,,,
2008-01-01,AAPL-GOOG,Cointegration,0.0568582585151002,,0.5432037734020253,0.39784155873318,-2.2781593470796393,0.38450020409012925,False,0.5432037734020252
2008-01-01,IBM-SPY,Distance,0.06178058378102391,1.419787244922059,,,,,,
2008-01-01,IBM-SPY,Cointegration,0.023429040412161043,,0.7152512151745337,0.30801090351091115,-2.7482571408760617,0.18270416066530665,False,0.7152512151745316
2008-01-01,DIA-SPY,Distance,0.01804597151706851,0.14474779208786095,,,,,,
2008-01-01,DIA-SPY,Cointegration,0.011141539160840146,,0.3073034082560499,0.6975794415760591,-2.4306576329653904,0.31047565923429393,False,0.30730340825605307
2008-07-01,AAPL-GOOG,Distance,0.1264506303357262,17.323123922345395,,,,,,
2008-07-01,AAPL-GOOG,Cointegration,0.09336205476852943,,0.3240762227822662,0.5722539183001378,-1.0767111253984138,0.8873057965060057,False,0.32407622278226655
2008-07-01,IBM-SPY,Distance,0.09222031825263226,7.5141458053179955,,,,,,
2008-07-01,IBM-SPY,Cointegration,0.04602942117480346,,1.0390179995481366,-0.08295966863004878,-1.65576086316139,0.6967909720300637,False,1.0390179995481337
2008-07-01,DIA-SPY,Distance,0.009829606491614403,0.1377351809552702,,,,,,
2008-07-01,DIA-SPY,Cointegration,0.009080765125925398,,-0.10854926036198115,1.0900799416455031,-0.9978416481905206,0.9032558108295086,False,-0.10854926036197397
2009-01-01,AAPL-GOOG,Distance,0.08278662890290762,2.3664031024786016,,,,,,
2009-01-01,AAPL-GOOG,Cointegration,0.06991808934676208,,0.13631448604116353,0.7439505081141277,-2.3355049595518738,0.35597634443026205,False,0.13631448604116317
2009-01-01,IBM-SPY,Distance,0.0856790299982534,13.098313606978781,,,,,,
2009-01-01,IBM-SPY,Cointegration,0.07092490921374348,,0.1160557824456076,0.6915289063168119,-2.837293034760904,0.1541068763505376,False,0.11605578244560698
2009-01-01,DIA-SPY,Distance,0.01945350076720908,0.20917620163919448,,,,,,
2009-01-01,DIA-SPY,Cointegration,0.013504832536285954,,-0.12780854937545133,1.1225088924293436,-1.2488042844339395,0.8446537430465317,False,-0.12780854937545166
2009-07-01,AAPL-GOOG,Distance,0.05986103937860336,1.1501999609599964,,,,,,
2009-07-01,AAPL-GOOG,Cointegration,0.03784408370764936,,0.21840295390247005,0.7275124472859849,-3.727654741739028,0.016878033466710317,True,0.2184029539024705
2009-07-01,IBM-SPY,Distance,0.07368140147178759,3.3842446633485284,,,,,,
2009-07-01,IBM-SPY,Cointegration,0.07262441556021948,,-0.005887573546655806,0.9018376173806146,-1.2194729040621486,0.8527278948650765,False,-0.005887573546656218
2009-07-01,DIA-SPY,Distance,0.01936912119223838,0.633191095125172,,,,,,
2009-07-01,DIA-SPY,Cointegration,0.014444285251667358,,-0.13204624741133666,1.1060354139759223,-1.0227930320141152,0.8984383427025924,False,-0.13204624741133777
2010-01-01,AAPL-GOOG,Distance,0.18131129625974224,23.92646468067585,,,,,,
2010-01-01,AAPL-GOOG,Cointegration,0.06585316814228255,,0.3735703671348013,0.6149210695540421,-1.2656382354550775,0.8398649714468531,False,0.37357036713480046
2010-01-01,IBM-SPY,Distance,0.058979608506546086,14.476526910311858,,,,,,
2010-01-01,IBM-SPY,Cointegration,0.04075939907803265,,0.08872424574573118,0.7462729924471498,-4.237121887158847,0.0032024207252015907,True,0.08872424574573258
2010-01-01,DIA-SPY,Distance,0.016216837946081,0.30542112514521913,,,,,,
2010-01-01,DIA-SPY,Cointegration,0.013437786630114842,,-0.04370631334750648,1.0743633922670082,-2.609669700465204,0.23295187048228222,False,-0.04370631334750641
2010-07-01,AAPL-GOOG,Distance,0.22807737578034296,23.04128610460723,,,,,,
2010-07-01,AAPL-GOOG,Cointegration,0.11971796405437635,,0.962880969235727,0.19646275461234436,-0.52638984211651,0.9623989164525539,False,0.9628809692357267
2010-07-01,IBM-SPY,Distance,0.03490357163643381,0.33176006863102137,,,,,,
2010-07-01,IBM-SPY,Cointegration,0.03380299613650942,,-0.16874002325609871,1.1324798364517705,-2.576614460929499,0.24636339017469916,False,-0.1687400232560932
2010-07-01,DIA-SPY,Distance,0.010642976220798742,0.10213537878453618,,,,,,
2010-07-01,DIA-SPY,Cointegration,0.009947796676358608,,0.03659430363500453,0.9554023387790117,-2.0660719074315548,0.49410815319089657,False,0.03659430363500562
2011-01-01,AAPL-GOOG,Distance,0.1686860315448741,39.72094087049291,,,,,,
2011-01-01,AAPL-GOOG,Cointegration,0.07648602909282824,,0.6806667665337112,0.14325729343084823,-2.282371479177705,0.3823814605789074,False,0.6806667665337098
2011-01-01,IBM-SPY,Distance,0.03312094093509013,0.29871995600063295,,,,,,
2011-01-01,IBM-SPY,Cointegration,0.02932113415672627,,0.27140865017527904,0.7397690800512409,-1.8532483540970028,0.6035158956758823,False,0.2714086501752774
2011-01-01,DIA-SPY,Distance,0.010757583527992273,0.03753593099464203,,,,,,
2011-01-01,DIA-SPY,Cointegration,0.010209058555386886,,-0.07750449672376117,1.070199749644938,-1.607034608361179,0.7179116190488415,False,-0.0775044967237596
2011-07-01,AAPL-GOOG,Distance,0.10584763017108023,2.840009228591873,,,,,,
2011-07-01,AAPL-GOOG,Cointegration,0.09006060716144582,,0.48575579971991556,0.6083389251248149,-1.3419226744069843,0.8167267704325383,False,0.4857557997199138
2011-07-01,IBM-SPY,Distance,0.04408741764548043,0.6066891231139836,,,,,,
2011-07-01,IBM-SPY,Cointegration,0.023572507750772156,,0.32531203681076376,0.7181342730742676,-2.4503548867387557,0.3013915325526745,False,0.3253120368107618
2011-07-01,DIA-SPY,Distance,0.013027813681530697,0.08016796952442024,,,,,,
2011-07-01,DIA-SPY,Cointegration,0.011526112306575584,,-0.0676541772077702,1.0666912611152024,-1.2474802721724871,0.845025576026003,False,-0.06765417720777117
2012-01-01,AAPL-GOOG,Distance,0.08889173102183155,8.680181860881586,,,,,,
2012-01-01,AAPL-GOOG,Cointegration,0.06769575960199524,,0.6459147123283131,0.26759135460853767,-1.7830701555179573,0.6379085026268954,False,0.645914712328316
2012-01-01,IBM-SPY,Distance,0.0975333618273562,9.060029310608696,,,,,,
2012-01-01,IBM-SPY,Cointegration,0.045468584513593806,,1.1309207754086494,-0.10607357575794249,-2.259014591020844,0.3941723456178886,False,1.1309207754086514
2012-01-01,DIA-SPY,Distance,0.018051708125201082,0.31863529828251924,,,,,,
2012-01-01,DIA-SPY,Cointegration,0.017931443565271977,,-0.08392927685705577,1.0513459099671225,-0.9946496040615478,0.903857281435476,False,-0.083929276857055
2012-07-01,AAPL-GOOG,Distance,0.24158412816216365,26.75775631807234,,,,,,
2012-07-01,AAPL-GOOG,Cointegration,0.06585167406797417,,0.9674414040483685,0.12165766479501736,-2.497414015369201,0.28021071195769853,False,0.967441404048368
2012-07-01,IBM-SPY,Distance,0.03664803030537823,3.618888024725062,,,,,,
2012-07-01,IBM-SPY,Cointegration,0.03180606919404289,,0.1537357792076101,0.75318999076792,-3.386599170364889,0.04386084589369605,True,0.15373577920760745
2012-07-01,DIA-SPY,Distance,0.009879025581027512,0.09129220339601757,,,,,,
2012-07-01,DIA-SPY,Cointegration,0.00948765820952825,,-0.061170578825031366,1.0454614721657314,-2.4130103401066183,0.318717978340753,False,-0.06117057882503045
2013-01-01,AAPL-GOOG,Distance,0.14739407675379562,53.40338114012678,,,,,,
2013-01-01,AAPL-GOOG,Cointegration,0.07139131678279757,,0.6657050155133227,0.2138880857584209,-1.4651024079386281,0.7743291663588061,False,0.665705015513323
2013-01-01,IBM-SPY,Distance,0.035156120291447615,0.5025988548399962,,,,,,
2013-01-01,IBM-SPY,Cointegration,0.03263964062318108,,0.3868971086981249,0.6627148319865883,-1.2874079861363381,0.8335030565330284,False,0.3868971086981252
2013-01-01,DIA-SPY,Distance,0.013272718519614335,0.30754077747621034,,,,,,
2013-01-01,DIA-SPY,Cointegration,0.008289835755791905,,-0.3298300641226984,1.341875080596353,-2.6388651582107143,0.22233215465639372,False,-0.32983006412270327
2013-07-01,AAPL-GOOG,Distance,0.27704238674743487,55.931420655390234,,,,,,
2013-07-01,AAPL-GOOG,Cointegration,0.10310325021882714,,1.9136823618432737,-0.6969158270201904,-2.966779261475065,0.11831474776493445,False,1.9136823618432717
2013-07-01,IBM-SPY,Distance,0.05417455193649525,1.9809015774936423,,,,,,
2013-07-01,IBM-SPY,Cointegration,0.05351844016087449,,-0.13614926345134543,1.2011671112523543,-1.3663846022471302,0.8088032354245409,False,-0.13614926345134262
2013-07-01,DIA-SPY,Distance,0.007397188819597189,0.05327421699051614,,,,,,
2013-07-01,DIA-SPY,Cointegration,0.007312168351036868,,-0.004293602166483809,1.0155561380215012,-2.7295475456928795,0.18913199174882744,False,-0.004293602166481453
2014-01-01,AAPL-GOOG,Distance,0.10568444802852503,33.680340133764304,,,,,,
2014-01-01,AAPL-GOOG,Cointegration,0.10568115303677077,,0.35838623363999283,0.990433535384616,-3.034247443139001,0.10228757909703479,False,0.3583862336399917
2014-01-01,IBM-SPY,Distance,0.11671706169049063,8.16252065643346,,,,,,
2014-01-01,IBM-SPY,Cointegration,0.056841941145458055,,2.050410038976006,-0.9167171883496761,-2.247792696711841,0.3998720990207085,False,2.0504100389760067
2014-01-01,DIA-SPY,Distance,0.020314175775995497,0.10475839698439754,,,,,,
2014-01-01,DIA-SPY,Cointegration,0.016252116121442128,,-0.2245605076499495,1.2000732268569307,-1.8459288691523055,0.6071566467186018,False,-0.22456050764995122
2014-07-01,AAPL-GOOG,Distance,0.11998399795527141,8.793326591851358,,,,,,
2014-07-01,AAPL-GOOG,Cointegration,0.09980669883306648,,0.4494098073846394,0.5485525427439637,-1.4590515918976545,0.7765569132715253,False,0.4494098073846374
2014-07-01,IBM-SPY,Distance,0.06736753180328915,6.059591759504542,,,,,,
2014-07-01,IBM-SPY,Cointegration,0.06286643228859116,,0.8952458290907674,0.2304238124300842,-0.9564596018492734,0.9107987378415304,False,0.8952458290907647
2014-07-01,DIA-SPY,Distance,0.020776381692148686,0.604781071800766,,,,,,
2014-07-01,DIA-SPY,Cointegration,0.012221441953475368,,-0.35518634064959687,1.370978016571168,-2.8433168014173655,0.15229067382714317,False,-0.35518634064959614
2015-01-01,AAPL-GOOG,Distance,0.19996015452409238,17.562316069401447,,,,,,
2015-01-01,AAPL-GOOG,Cointegration,0.04355566649080711,,1.1213882263755675,-0.09454427884566197,-2.510787690960802,0.27433216478517164,False,1.121388226375567
2015-01-01,IBM-SPY,Distance,0.09062257791191178,3.297984783231626,,,,,,
2015-01-01,IBM-SPY,Cointegration,0.045320665268309905,,1.39261169333952,-0.3299416442854737,-1.8385854364177419,0.6107975463427255,False,1.3926116933395198
2015-01-01,DIA-SPY,Distance,0.013280696307060804,0.3221371250407275,,,,,,
2015-01-01,DIA-SPY,Cointegration,0.009793243578274281,,-0.20175682793241018,1.2278327872635602,-2.7602522579408615,0.17865961534408986,False,-0.20175682793240948
2015-07-01,AAPL-GOOG,Distance,0.16518967655619196,27.728515268725758,,,,,,
2015-07-01,AAPL-GOOG,Cointegration,0.03592254850065498,,1.1064312819826347,-0.1345295335191691,-2.7658716751086008,0.17678541193986053,False,1.1064312819826354
2015-07-01,IBM-SPY,Distance,0.09218167135835398,5.304885029467573,,,,,,
2015-07-01,IBM-SPY,Cointegration,0.03186323868797634,,1.3049446955445183,-0.28193914801527875,-2.5086300189587196,0.2752762456133825,False,1.3049446955445183
2015-07-01,DIA-SPY,Distance,0.005031493197700942,0.007283888370432657,,,,,,
2015-07-01,DIA-SPY,Cointegration,0.00501330768114129,,0.010081107536592748,0.9885100331112626,-3.028466163539556,0.10359316607237834,False,0.010081107536592677
2016-01-01,AAPL-GOOG,Distance,0.1941274628717944,9.918004973403107,,,,,,
2016-01-01,AAPL-GOOG,Cointegration,0.14313045413490244,,2.1564028569142515,-0.908443055493658,-2.339467558457748,0.35403296358612013,False,2.1564028569142515
2016-01-01,IBM-SPY,Distance,0.060009367876493615,1.2649689724413702,,,,,,
2016-01-01,IBM-SPY,Cointegration,0.0235394663860579,,0.8470332959888989,0.16897811977155716,-3.182802416515233,0.07285120043778474,False,0.8470332959888989
2016-01-01,DIA-SPY,Distance,0.009523122187232037,0.06791559806263273,,,,,,
2016-01-01,DIA-SPY,Cointegration,0.0083363067895165,,0.17015436151012364,0.842946173423008,-2.9877880179590566,0.11313688207977479,False,0.17015436151012517
2016-07-01,AAPL-GOOG,Distance,0.1514684646481478,60.628722548008994,,,,,,
2016-07-01,AAPL-GOOG,Cointegration,0.10108037119571414,,1.7573814887693406,-0.5031811512560159,-2.965417766311317,0.1186562338441825,False,1.7573814887693424
2016-07-01,IBM-SPY,Distance,0.048092020512438965,2.611781791471349,,,,,,
2016-07-01,IBM-SPY,Cointegration,0.026538179684321175,,0.6485117469767242,0.3765280581087656,-2.4226837141524564,0.3141880599442962,False,0.6485117469767223
2016-07-01,DIA-SPY,Distance,0.008974763253234482,0.02210582415239921,,,,,,
2016-07-01,DIA-SPY,Cointegration,0.008064703138760072,,0.10209432790897396,0.8989014107623637,-2.5443720121741262,0.2598579686402346,False,0.10209432790897528
2017-01-01,AAPL-GOOG,Distance,0.04097793923005215,0.42378258274084424,,,,,,
2017-01-01,AAPL-GOOG,Cointegration,0.01974420096743104,,0.46004990667788714,0.5393412582874562,-5.181269648387825,7.53915110254298e-05,True,0.4600499066778911
2017-01-01,IBM-SPY,Distance,0.045106984535488365,2.1061567931994043,,,,,,
2017-01-01,IBM-SPY,Cointegration,0.011539396222700516,,0.4194618274525623,0.5586778276444162,-4.52839006852703,0.0010995016592984781,True,0.4194618274525648
2017-01-01,DIA-SPY,Distance,0.011971859355363419,0.051738500411162264,,,,,,
2017-01-01,DIA-SPY,Cointegration,0.009656961522751828,,0.11173300971161759,0.8870344373219466,-0.8145105394588555,0.9327700677982583,False,0.11173300971161507
2017-07-01,AAPL-GOOG,Distance,0.11114101757039599,8.312864175053324,,,,,,
2017-07-01,AAPL-GOOG,Cointegration,0.0406388979647817,,0.5656586005816475,0.4601729330794054,-1.932612744568028,0.5633793894799013,False,0.5656586005816462
2017-07-01,IBM-SPY,Distance,0.06444085920011973,1.0426812733772255,,,,,,
2017-07-01,IBM-SPY,Cointegration,0.05135900530195531,,0.6698051868976574,0.3853920482680544,0.2792867964602879,0.9906507199075925,False,0.6698051868976583
2017-07-01,DIA-SPY,Distance,0.018194202853506657,0.17678109401052144,,,,,,
2017-07-01,DIA-SPY,Cointegration,0.007090310490660545,,0.23450599019143814,0.7710173139575522,-2.2752730878756178,0.38595400158156534,False,0.23450599019143722
2018-01-01,AAPL-GOOG,Distance,0.06185920681126999,5.556780465889237,,,,,,
2018-01-01,AAPL-GOOG,Cointegration,0.04304769716903734,,0.30236146256880647,0.6653157819807671,-2.1431740433357853,0.45383116849702165,False,0.30236146256880764
2018-01-01,IBM-SPY,Distance,0.10568205617106653,7.335263507899798,,,,,,
2018-01-01,IBM-SPY,Cointegration,0.04629289922824313,,1.5236063890802898,-0.44604834778954733,-0.6351979628321363,0.9531908415337133,False,1.5236063890802873
2018-01-01,DIA-SPY,Distance,0.02141632851006759,0.15634783716971545,,,,,,
2018-01-01,DIA-SPY,Cointegration,0.006784919835519047,,0.28849704375858193,0.7279979462505841,-3.0884974818921984,0.09063650898111997,False,0.2884970437585792
2018-07-01,AAPL-GOOG,Distance,0.054701790050198665,1.106041602449882,,,,,,
2018-07-01,AAPL-GOOG,Cointegration,0.05052573128931666,,0.24020019214835175,0.7659032358644503,-2.475035665899589,0.29018864562619484,False,0.24020019214835406
2018-07-01,IBM-SPY,Distance,0.04351567229493302,3.2109040910137745,,,,,,
2018-07-01,IBM-SPY,Cointegration,0.04148509278709502,,0.3875389925885544,0.7133488398366874,-1.8933059766575833,0.5833981375908793,False,0.3875389925885545
2018-07-01,DIA-SPY,Distance,0.018939073678492048,0.3072154348754612,,,,,,
2018-07-01,DIA-SPY,Cointegration,0.009116764066038053,,0.24184277514002062,0.758108139077839,-2.323164297425152,0.3620527438815532,False,0.24184277514001945
2019-01-01,AAPL-GOOG,Distance,0.10011331079568328,3.4466601248018325,,,,,,
2019-01-01,AAPL-GOOG,Cointegration,0.05122570621815071,,0.7122947667303626,0.30093444671625746,-2.7440442462436647,0.1841388586578228,False,0.712294766730363
2019-01-01,IBM-SPY,Distance,0.07524586085014372,2.8471627548238603,,,,,,
2019-01-01,IBM-SPY,Cointegration,0.0353246282591395,,0.8596050487022806,0.17672099299753646,-2.000941417490418,0.5280886788842678,False,0.8596050487022808
2019-01-01,DIA-SPY,Distance,0.013895495945319239,0.06478542389128403,,,,,,
2019-01-01,DIA-SPY,Cointegration,0.013862268805531241,,-0.020257932248024635,1.0278184417020428,-1.3435421403704002,0.8162098036272242,False,-0.020257932248028257
2019-07-01,AAPL-GOOG,Distance,0.0970287994311871,2.4989882070606164,,,,,,
2019-07-01,AAPL-GOOG,Cointegration,0.051418630411890834,,0.7161583461673423,0.2823877173316104,-1.9339160346036897,0.562711545899063,False,0.7161583461673426
2019-07-01,IBM-SPY,Distance,0.045248460416112773,0.9051530530423038,,,,,,
2019-07-01,IBM-SPY,Cointegration,0.024525583647126144,,0.5425802951673182,0.49369461381023566,-1.4573801711341494,0.7771696633868757,False,0.5425802951673172
2019-07-01,DIA-SPY,Distance,0.014379415311538444,0.23025222711042176,,,,,,
2019-07-01,DIA-SPY,Cointegration,0.01413948039126346,,-0.09685729786812688,1.066171958740323,-2.34701140460508,0.35034393544987313,False,-0.09685729786812582
2020-01-01,AAPL-GOOG,Distance,0.15977721427082917,15.921078029971511,,,,,,
2020-01-01,AAPL-GOOG,Cointegration,0.03446509091694829,,0.7234860215366243,0.31024397647305124,-3.1273916038489067,0.08293264736022693,False,0.7234860215366256
2020-01-01,IBM-SPY,Distance,0.05532905219222264,1.314559436773263,,,,,,
2020-01-01,IBM-SPY,Cointegration,0.05224625805182292,,0.3290759756428432,0.6918022807588736,0.09555643413045375,0.9878898692395639,False,0.32907597564284224
2020-01-01,DIA-SPY,Distance,0.01571496342494468,0.2769714489397343,,,,,,
2020-01-01,DIA-SPY,Cointegration,0.009586917899117782,,-0.23838617056585634,1.2341085213193324,-2.8706805175387897,0.14422808428753525,False,-0.23838617056585162
2020-07-01,AAPL-GOOG,Distance,0.1492610632879933,11.819774071926464,,,,,,
2020-07-01,AAPL-GOOG,Cointegration,0.05016095388195892,,0.6489888152321972,0.39680438889975833,-2.4089369932540485,0.32063396311469444,False,0.6489888152321963
2020-07-01,IBM-SPY,Distance,0.05677467908524848,1.5002796515810046,,,,,,
2020-07-01,IBM-SPY,Cointegration,0.04878075903620599,,0.4030910612605195,0.6387572321722141,-1.2790971129462145,0.8359543833441749,False,0.40309106126051836
2020-07-01,DIA-SPY,Distance,0.028013523720211965,0.37156358657186606,,,,,,
2020-07-01,DIA-SPY,Cointegration,0.024954713012045784,,0.18686974285221894,0.8389260636813632,-0.8083307806863994,0.9336002021738349,False,0.18686974285222038
2021-01-01,AAPL-GOOG,Distance,0.19408325584503974,18.94651377393686,,,,,,
2021-01-01,AAPL-GOOG,Cointegration,0.06396685417857186,,0.5999684758482038,0.3786531297431293,-2.71170045961905,0.19539873857925866,False,0.5999684758482052
2021-01-01,IBM-SPY,Distance,0.09193949534469428,2.9029709699137007,,,,,,
2021-01-01,IBM-SPY,Cointegration,0.08866234675129643,,0.3597015146465506,0.6768316724292301,-0.08530737153975394,0.9837096182506141,False,0.359701514646551
2021-01-01,DIA-SPY,Distance,0.026059960116449142,0.9328427461041758,,,,,,
2021-01-01,DIA-SPY,Cointegration,0.024645085002706974,,-0.03306493665511561,1.0933070611079028,-2.4145431409030977,0.3179982875207852,False,-0.0330649366551151
2021-07-01,AAPL-GOOG,Distance,0.18222992639552027,8.509933098662334,,,,,,
2021-07-01,AAPL-GOOG,Cointegration,0.17907211378179202,,-0.38891752154484444,1.2701429968711921,-1.2347435643975813,0.8485668598638927,False,-0.38891752154484543
2021-07-01,IBM-SPY,Distance,0.06082478591128189,3.1746875720508525,,,,,,
2021-07-01,IBM-SPY,Cointegration,0.060748401177683986,,0.12797667992258155,0.9698039937745424,-1.8393948935048112,0.610396802456639,False,0.12797667992258005
2021-07-01,DIA-SPY,Distance,0.01285451836210325,0.06357445746088378,,,,,,
2021-07-01,DIA-SPY,Cointegration,0.012712602698672092,,-0.010882862038576344,1.016919239983761,-3.0370801505031886,0.1016524271660848,False,-0.010882862038577147
2022-01-01,AAPL-GOOG,Distance,0.14197174021260628,37.61633036865213,,,,,,
2022-01-01,AAPL-GOOG,Cointegration,0.1326141081277326,,-0.12082231937248089,1.4392903545516802,-2.0313800150354253,0.51223244999064,False,-0.1208223193724812
2022-01-01,IBM-SPY,Distance,0.08624142245865302,2.387713533324091,,,,,,
2022-01-01,IBM-SPY,Cointegration,0.07500413431804259,,0.666194777024846,0.4443537282609814,-1.044128111916,0.8941531886793854,False,0.666194777024844
2022-01-01,DIA-SPY,Distance,0.031079823949439343,0.4195562599927597,,,,,,
2022-01-01,DIA-SPY,Cointegration,0.023608122672567844,,-0.3647323952619369,1.344377249703128,-1.7096249749568009,0.6724933013240935,False,-0.3647323952619316
2022-07-01,AAPL-GOOG,Distance,0.09863588695382917,4.00662619861996,,,,,,
2022-07-01,AAPL-GOOG,Cointegration,0.08253006832659147,,0.5837432467536317,0.4193738405389045,-0.9029025362796043,0.9197703004527819,False,0.5837432467536324
2022-07-01,IBM-SPY,Distance,0.09185820773626514,3.2652904953381814,,,,,,
2022-07-01,IBM-SPY,Cointegration,0.045047277233101216,,1.6225208711674506,-0.6236571040193915,-3.25093787259762,0.061814304161455794,False,1.622520871167451
2022-07-01,DIA-SPY,Distance,0.018996242655869244,0.21186051903680342,,,,,,
2022-07-01,DIA-SPY,Cointegration,0.01232112845835385,,-0.3531508496489212,1.3738629466236083,-3.1630043144595583,0.07633567155287536,False,-0.353150849648922
2023-01-01,AAPL-GOOG,Distance,0.06618683235314246,1.9717728466380344,,,,,,
2023-01-01,AAPL-GOOG,Cointegration,0.06324599002964963,,-0.29357438671229685,1.2748445082015052,-1.8917409018035098,0.5841898810658822,False,-0.2935743867122967
2023-01-01,IBM-SPY,Distance,0.09246602431484943,7.549453101632256,,,,,,
2023-01-01,IBM-SPY,Cointegration,0.05712026903502421,,1.036204450629348,-0.17378624721587002,-2.732531332156692,0.18809715308348163,False,1.036204450629348
2023-01-01,DIA-SPY,Distance,0.029553711113296487,0.7696278235154184,,,,,,
2023-01-01,DIA-SPY,Cointegration,0.029113351478051008,,-0.14890006447917659,1.112384542295022,-0.01234907317856846,0.9856092469240405,False,-0.14890006447917564
2023-07-01,AAPL-GOOG,Distance,0.061501911527655585,7.417466320840415,,,,,,
2023-07-01,AAPL-GOOG,Cointegration,0.05718000741214221,,0.0759129548355536,0.7892207102370163,-2.678184242195518,0.20752282511393433,False,0.07591295483555403
2023-07-01,IBM-SPY,Distance,0.06616257951857674,3.1087574119123014,,,,,,
2023-07-01,IBM-SPY,Cointegration,0.04948962789403636,,0.849972282214874,0.21359013324403076,-1.2662255219438687,0.8396958530066887,False,0.8499722822148726
2023-07-01,DIA-SPY,Distance,0.03187476547947549,0.2705018637809154,,,,,,
2023-07-01,DIA-SPY,Cointegration,0.03131180256281191,,0.12961929828754842,0.8706301213617527,-0.21233767265874967,0.9795414592557898,False,0.1296192982875502
2024-01-01,AAPL-GOOG,Distance,0.09681208644796885,2.9694378627627245,,,,,,
2024-01-01,AAPL-GOOG,Cointegration,0.09568877382757018,,-0.19502218466689883,1.1044861429734947,-2.1115693930145762,0.47032103783413953,False,-0.19502218466690152
2024-01-01,IBM-SPY,Distance,0.05596049413605191,4.377642720832853,,,,,,
2024-01-01,IBM-SPY,Cointegration,0.040619506608996214,,0.5561291515468669,0.5679519851529181,-3.2120080785050886,0.067942508332744,False,0.5561291515468654
2024-01-01,DIA-SPY,Distance,0.03354531716271368,2.2647887945914222,,,,,,
2024-01-01,DIA-SPY,Cointegration,0.027975922747079322,,-0.39192765405921354,1.4623486202567233,-2.21532507104592,0.41647533084507415,False,-0.3919276540592134
2024-07-01,AAPL-GOOG,Distance,0.1331342046051994,19.295740516717686,,,,,,
2024-07-01,AAPL-GOOG,Cointegration,0.13253519154078425,,0.45802956357712477,0.7768497589516737,-1.080682612308708,0.8864456649232514,False,0.45802956357712477
2024-07-01,IBM-SPY,Distance,0.09178462735204698,8.454938706073337,,,,,,
2024-07-01,IBM-SPY,Cointegration,0.04754164828474278,,0.4772711408818434,0.4875870517559059,-0.6609301084504229,0.950692026444052,False,0.4772711408818433
2024-07-01,DIA-SPY,Distance,0.029474996353573556,0.22523306157777567,,,,,,
2024-07-01,DIA-SPY,Cointegration,0.024296732262434836,,-0.2565585950629734,1.2437157549513758,-1.1551615295596818,0.8692541771246154,False,-0.25655859506297757
2025-01-01,AAPL-GOOG,Distance,0.10300432583382267,3.7741231644147533,,,,,,
2025-01-01,AAPL-GOOG,Cointegration,0.08167415212182737,,0.5710602322641606,0.5491200373553224,-2.119002942640703,0.46643847196137267,False,0.571060232264163
2025-01-01,IBM-SPY,Distance,0.09054630712378213,3.4213585141119047,,,,,,
2025-01-01,IBM-SPY,Cointegration,0.04575431660325247,,0.5805852876774684,0.46610152099792423,-1.774544333103189,0.6420023877872649,False,0.5805852876774689
2025-01-01,DIA-SPY,Distance,0.03107263891084439,1.5896444803356984,,,,,,
2025-01-01,DIA-SPY,Cointegration,0.0251235821690023,,-0.25601156082667276,1.3051625947610104,-2.489479279416751,0.28372859668997213,False,-0.25601156082667054
2025-07-01,AAPL-GOOG,Distance,0.06628642370794144,3.116065983602419,,,,,,
2025-07-01,AAPL-GOOG,Cointegration,0.05841937353961481,,0.3564054094923753,0.5675233446571979,-2.7217483308696973,0.19185434964837206,False,0.35640540949237415
2025-07-01,IBM-SPY,Distance,0.15016195229888218,24.52542291429928,,,,,,
2025-07-01,IBM-SPY,Cointegration,0.038327601277963294,,0.8527778961261888,0.15529409479868145,-1.8998536024374788,0.5800811158926824,False,0.8527778961261865
2025-07-01,DIA-SPY,Distance,0.01644236881027017,0.2155015218377853,,,,,,
2025-07-01,DIA-SPY,Cointegration,0.01643399034399022,,-0.03752297772880259,1.0121505104523658,-2.391913894175589,0.32869426792267376,False,-0.037522977728804904
