method,pair,basis,days,months,cumulative_pnl_pct,annual_mean_pct,annual_vol_pct,sharpe,sortino,max_drawdown_pct,monthly_mean_bps,monthly_hac_t,monthly_hac_p,negative_month_pct,monthly_var95_pct,monthly_cvar95_pct,min_equity_per_initial_dollar,trades,win_rate_pct,converged_pct,mean_holding_days,turnover,active_days_pct,cost_pct,break_even_cost_bps
Selected,AAPL-GOOG,net,5031,240,-192.93069194428818,-9.663791367513541,24.579147789936258,-0.3931703186011317,-0.5414008348863469,-172.91914709274087,-80.38778831012009,-1.6297215731426988,0.10316035575661549,49.583333333333336,-13.932557134289784,-16.477228869459715,-0.970789443882129,170,57.647058823529406,81.76470588235294,20.105882352941176,687.3785418573659,71.31782945736434,34.3689270928683,-23.06760470336622
Selected,AAPL-GOOG,gross,5031,240,-158.5617648514199,-7.942270869123001,24.57918127402721,-0.32313000097833156,-0.4457773867850472,-145.6071287523854,-66.06740202142497,-1.3207275364318558,0.18659222904858674,47.5,-13.885013284163291,-16.44644580095445,-0.64447351903075,170,61.76470588235294,81.76470588235294,20.105882352941176,687.3785418573659,71.31782945736434,34.3689270928683,-23.06760470336622
Selected,IBM-SPY,net,5031,240,-47.880484916132595,-2.3983069367651386,15.920199486760955,-0.15064553297586136,-0.21700841052162312,-69.84558995305714,-19.950202048388583,-0.7570882053959244,0.4489970197929283,49.166666666666664,-7.313193904453145,-9.768145061657563,0.3737584154269875,175,55.42857142857143,84.57142857142857,20.714285714285715,702.6496406843055,75.53170343868018,35.13248203421527,-1.8142758700484265
Selected,IBM-SPY,gross,5031,240,-12.748002881917325,-0.6385403948008678,15.922364522755588,-0.040103364917207625,-0.05795517604748907,-48.86939250351205,-5.311667867465547,-0.197311543501249,0.8435837465086009,45.416666666666664,-7.121049191092578,-9.659445924027832,0.7240213627396572,175,60.0,84.57142857142857,20.714285714285715,702.6496406843055,75.53170343868018,35.13248203421527,-1.8142758700484265
Selected,DIA-SPY,net,5031,240,-55.606557119015285,-2.785301608823664,4.67538521982809,-0.5957373516542187,-0.8281121257957824,-64.55078955672353,-23.169398799589707,-3.4393864015818183,0.0005830344150866789,60.83333333333333,-1.949638164662904,-2.6600695778482764,0.35538597504959624,192,46.35416666666667,80.72916666666666,22.479166666666668,771.4566261081554,89.60445239515008,38.57283130540777,-2.207995269875283
Selected,DIA-SPY,gross,5031,240,-17.03372581360752,-0.8532098797513605,4.648786326233915,-0.1835338989311141,-0.258739657407176,-32.535650280823305,-7.0973857556698,-0.9512552373442726,0.3414748240882225,52.083333333333336,-1.830901363002868,-2.5827834952873103,0.6799848574379985,192,62.5,80.72916666666666,22.479166666666668,771.4566261081554,89.60445239515008,38.57283130540777,-2.207995269875283
Selected,Portfolio,net,5031,240,-98.8059113264787,-4.949133304367448,9.960502094729492,-0.4968758861048015,-0.6874134943099,-102.85830572926109,-41.16912971936611,-2.409730709621571,0.015964298993000912,55.833333333333336,-4.812988207747482,-6.017605169279096,-0.03032625204949002,537,,,,720.494936216609,,36.02474681083045,-8.713616343415048
Selected,Portfolio,gross,5031,240,-62.78116451564826,-3.1446737145584103,9.958089870508005,-0.3157908550184622,-0.43962106731517775,-72.34854798902808,-26.15881854818676,-1.4823243957979784,0.1382540000527694,53.333333333333336,-4.749564256608525,-5.911052636508931,0.30333487428171657,537,,,,720.494936216609,,36.02474681083045,-8.713616343415048
Best-single,AAPL-GOOG,net,5031,240,-212.46328356031378,-10.642168049532714,23.711141937039432,-0.4488256228987634,-0.6107922570184778,-191.96197361770592,-88.52636815013075,-1.9007789233015873,0.057330975870866295,48.75,-13.40497112830663,-16.13143724410758,-1.1487081344625154,159,60.37735849056604,80.50314465408806,21.238993710691823,642.6408343808781,70.28423772609818,32.132041719043904,-28.060968459155177
Best-single,AAPL-GOOG,gross,5031,240,-180.33124184126987,-9.03269189902604,23.713721178062748,-0.38090571408851953,-0.5193552966083845,-162.3708324454418,-75.13801743386244,-1.595445130365322,0.11061273074079556,48.75,-13.40497112830663,-16.088402767156776,-0.8287539048977819,159,64.15094339622641,80.50314465408806,21.238993710691823,642.6408343808781,70.28423772609818,32.132041719043904,-28.060968459155177
Best-single,IBM-SPY,net,5031,240,-65.93576638150826,-3.3026859725979096,15.697389900780612,-0.2103971420391151,-0.2989722615810962,-84.47682616883527,-27.47323599229511,-1.0421612963314757,0.2973369037794428,47.5,-7.11605877166582,-9.824148945706185,0.19320560077323046,174,50.57471264367817,84.48275862068965,20.586206896551722,698.5518843644774,74.65712581991652,34.927594218223874,-4.4389218406439115
Best-single,IBM-SPY,gross,5031,240,-31.008172163284385,-1.553182147713708,15.690454733890464,-0.09898898241355145,-0.14109643542609474,-60.04032128288146,-12.92007173470183,-0.48277065708548755,0.629258587576296,44.583333333333336,-7.106875680695303,-9.69787854454989,0.5414196699259863,174,56.896551724137936,84.48275862068965,20.586206896551722,698.5518843644774,74.65712581991652,34.927594218223874,-4.4389218406439115
Best-single,DIA-SPY,net,5031,240,-59.43491010069011,-2.9770616866177515,4.661816588791026,-0.6386054942135356,-0.8842897105371,-65.38246794475148,-24.764545875287546,-3.8503368475558672,0.00011795548433196632,59.583333333333336,-1.947267852249749,-2.609091438293909,0.34704821995826796,188,44.148936170212764,79.25531914893617,22.76063829787234,754.8447103192118,88.78950506857484,37.742235515960594,-2.8737930183754
Best-single,DIA-SPY,gross,5031,240,-21.69267458472952,-1.0865740400222301,4.638238652926079,-0.23426436656870903,-0.32891592008147563,-32.3033938952859,-9.03861441030397,-1.341032158719583,0.1799100117050606,51.66666666666667,-1.8304546936237092,-2.5368951554005443,0.6834495720796759,188,62.76595744680851,79.25531914893617,22.76063829787234,754.8447103192118,88.78950506857484,37.742235515960594,-2.8737930183754
Best-single,Portfolio,net,5031,240,-112.61132001417072,-5.640638569582792,9.672060198525278,-0.5831889435968184,-0.7957393405869038,-111.72502939589481,-46.921383339237806,-2.7989756065786873,0.005126501011050901,57.08333333333333,-5.028245590586651,-6.12630720543345,-0.12611320014170824,521,,,,698.6791430215225,,34.93395715107612,-11.117744624115932
Best-single,Portfolio,gross,5031,240,-77.67736286309459,-3.890816028920659,9.672208720826307,-0.4022675834675601,-0.5524030429226858,-79.93710924466735,-32.36556785962275,-1.8790066412064002,0.060243586414006886,52.083333333333336,-4.9185650619774846,-5.971055139663743,0.2232263713690542,521,,,,698.6791430215225,,34.93395715107612,-11.117744624115932
BIC,AAPL-GOOG,net,5031,240,-214.03370219652692,-10.720829448126572,23.727583814659013,-0.45182979994377653,-0.6153251805237382,-190.80220808999198,-89.18070924855289,-1.88930073443327,0.0588515432020451,48.75,-14.14888456134027,-16.233974266999837,-1.164412320824649,153,60.78431372549019,79.08496732026144,22.07843137254902,617.9861355616729,70.18485390578414,30.89930677808365,-29.63406213830296
BIC,AAPL-GOOG,gross,5031,240,-183.1343954184433,-9.173100307184995,23.729577975436506,-0.3865682026321943,-0.5274078265878684,-163.19287866393265,-76.30599809101804,-1.600122720029247,0.10957136165564241,48.333333333333336,-14.148236942273076,-16.19093979004904,-0.8567854406695155,153,63.39869281045751,79.08496732026144,22.07843137254902,617.9861355616729,70.18485390578414,30.89930677808365,-29.63406213830296
BIC,IBM-SPY,net,5031,240,-68.45760091398235,-3.429003265816647,15.644368285300144,-0.21918451440692735,-0.3113229750253467,-86.42890084380184,-28.52400038082598,-1.0651753321693742,0.2867965943035432,48.333333333333336,-7.11605877166582,-9.824148945706185,0.16798725544848947,171,49.122807017543856,83.62573099415205,20.830409356725145,686.7838302025485,74.19996024647187,34.33919151012742,-4.967852751249631
BIC,IBM-SPY,gross,5031,240,-34.118409403854905,-1.70897220627538,15.637945459212583,-0.10928367864773407,-0.1557021407605469,-61.84409094309699,-14.216003918272888,-0.5232287261064912,0.6008150933129125,45.416666666666664,-7.106875680695303,-9.69787854454989,0.5103172975202811,171,54.97076023391813,83.62573099415205,20.830409356725145,686.7838302025485,74.19996024647187,34.33919151012742,-4.967852751249631
BIC,DIA-SPY,net,5031,240,-59.07528047924448,-2.959048038316361,4.622361060971531,-0.6401594335199826,-0.8913321324394091,-65.02374286758766,-24.614700199685203,-3.7252875163300643,0.00019509272898838052,60.0,-1.947267852249749,-2.6137350746574346,0.35064451617272396,186,43.01075268817204,79.03225806451613,22.962365591397848,746.7166935220771,88.59073742794673,37.33583467610386,-2.911337859690945
BIC,DIA-SPY,gross,5031,240,-21.739445803140633,-1.0889167844149155,4.601957112082579,-0.2366203677900281,-0.33414007499704645,-32.10659192165261,-9.058102417975267,-1.294642337353078,0.19544364019723925,52.083333333333336,-1.8304546936237092,-2.5415387917640695,0.682981859895565,186,61.82795698924731,79.03225806451613,22.962365591397848,746.7166935220771,88.59073742794673,37.33583467610386,-2.911337859690945
BIC,Portfolio,net,5031,240,-113.85552786325124,-5.7029602507531925,9.662350085049795,-0.5902249660335922,-0.804176751427317,-113.05309608178977,-47.439803276354695,-2.8441412766823326,0.004453129807891841,57.49999999999999,-5.028245590586651,-5.999252692669269,-0.13855527863251105,510,,,,683.8288864287662,,34.191444321438304,-11.6497102013124
BIC,Portfolio,gross,5031,240,-79.66408354181296,-3.990329765958431,9.662111241989617,-0.412987355042783,-0.5662478297127748,-81.46517887445326,-33.19336814242206,-1.933022467563155,0.05323343010560678,52.916666666666664,-4.929806869584598,-5.89007328070426,0.20335916458186942,510,,,,683.8288864287662,,34.191444321438304,-11.6497102013124
Gaussian,AAPL-GOOG,net,5031,240,-218.8819956749703,-10.963677779783843,24.05463840671378,-0.4557822734397795,-0.620445191957574,-200.61744775661782,-91.20083153123765,-1.8316521753265087,0.06700325810873854,48.75,-13.932557134289784,-16.542348788836414,-1.2128952556090855,144,59.02777777777778,79.86111111111111,23.493055555555557,583.3790646568867,70.1053468495329,29.168953232844338,-32.51968641584788
Gaussian,AAPL-GOOG,gross,5031,240,-189.71304244212598,-9.50262108833547,24.055818140931294,-0.3950238163867158,-0.53873273181882,-172.5828177046265,-79.0471010175525,-1.5732946646584804,0.11565060417702233,45.83333333333333,-13.885013284163291,-16.511357172845763,-0.9225719109063473,144,61.111111111111114,79.86111111111111,23.493055555555557,583.3790646568867,70.1053468495329,29.168953232844338,-32.51968641584788
Gaussian,IBM-SPY,net,5031,240,-50.92391310199498,-2.550750566826224,15.647207071827607,-0.16301634886770205,-0.23115815128921127,-73.7336007400885,-21.218297125831246,-0.752879300727011,0.45152244775036376,46.25,-7.599001164586844,-10.141518643507082,0.343324133568363,170,51.76470588235295,83.52941176470588,20.68235294117647,682.3475859626129,73.26575233551978,34.11737929813064,-2.46304583611221
Gaussian,IBM-SPY,gross,5031,240,-16.80653380386432,-0.8418299579753149,15.637014146623285,-0.053835722733364844,-0.07657837737958713,-54.86789064669051,-7.00272241827681,-0.24456914740395766,0.8067900554633904,44.583333333333336,-7.411416799468716,-10.03779485484549,0.6834360535201868,170,58.82352941176471,83.52941176470588,20.68235294117647,682.3475859626129,73.26575233551978,34.11737929813064,-2.46304583611221
Gaussian,DIA-SPY,net,5031,240,-55.2020178373563,-2.7650384605473635,4.621873151451504,-0.5982506161336342,-0.8362482767960533,-65.79168825716074,-23.00084076556513,-3.2790247615934365,0.0010416649543901792,59.583333333333336,-1.9445536639505674,-2.6129929373083907,0.3429456981272565,178,42.69662921348314,79.21348314606742,23.752808988764045,714.3233968663201,87.5770224607434,35.71616984331601,-2.7278748084583473
Gaussian,DIA-SPY,gross,5031,240,-19.485847994040288,-0.9760353199161504,4.604755133255711,-0.21196248045138977,-0.3002509086115406,-34.2757129693911,-8.11910333085012,-1.0967202294487812,0.2727637104903976,52.916666666666664,-1.8163473327924273,-2.5405670339452775,0.6611613272480734,178,58.98876404494382,79.21348314606742,23.752808988764045,714.3233968663201,87.5770224607434,35.71616984331601,-2.7278748084583473
Gaussian,Portfolio,net,5031,240,-108.33597553810719,-5.426488935719143,9.740718072166153,-0.5570933164799414,-0.7633531660510197,-107.82138027755259,-45.139989807544666,-2.556856214025705,0.0105622866461867,55.833333333333336,-4.844465462511721,-5.961853052923366,-0.0833597553810721,492,,,,660.0166824952732,,33.000834124763664,-11.414126856389432
Gaussian,Portfolio,gross,5031,240,-75.33514141334354,-3.773495455408979,9.739125732101687,-0.38745730974300346,-0.5341972280458619,-77.7653029051747,-31.3896422555598,-1.7350330359337538,0.08273495391321471,52.916666666666664,-4.840087431556435,-5.8300140011397845,0.2463027258053101,492,,,,660.0166824952732,,33.000834124763664,-11.414126856389432
Student-t,AAPL-GOOG,net,5031,240,-206.25486292726868,-10.331191702975891,24.13935178555985,-0.4279813225621082,-0.581932548294026,-181.95499395976768,-85.9395262196953,-1.7106823274253458,0.08713977183345814,49.583333333333336,-13.932557134289784,-16.37625685962627,-1.086623928132063,147,58.50340136054422,79.59183673469387,23.292517006802722,595.7373205869196,70.97992446829656,29.786866029345983,-29.621779734072508
Student-t,AAPL-GOOG,gross,5031,240,-176.46799689792272,-8.83918410222153,24.1420807771604,-0.3661318253306416,-0.4987187486113301,-156.29623617289806,-73.52833204080113,-1.448997900330849,0.14733816894406543,49.166666666666664,-13.885013284163291,-16.345473791120998,-0.7901214554643095,147,62.585034013605444,79.59183673469387,23.292517006802722,595.7373205869196,70.97992446829656,29.786866029345983,-29.621779734072508
Student-t,IBM-SPY,net,5031,240,-53.6336997982083,-2.6864822796955856,15.856162658131575,-0.16942827452125478,-0.2401045522256147,-75.88822282331911,-22.34737491592012,-0.7820059898274748,0.4342110534289464,46.25,-7.416416799468715,-10.140683023227776,0.31622626660623054,175,54.85714285714286,84.57142857142857,20.66857142857143,702.6122815539538,75.3726893261777,35.13061407769769,-2.6334702945396384
Student-t,IBM-SPY,gross,5031,240,-18.503085720510583,-0.9268093026373816,15.853174475797479,-0.05846206411544331,-0.08309115842660154,-56.17508799467499,-7.709619050212742,-0.26513252129269566,0.7909073751694803,44.583333333333336,-7.23240051716377,-10.029328837418722,0.6664705343537254,175,60.57142857142858,84.57142857142857,20.66857142857143,702.6122815539538,75.3726893261777,35.13061407769769,-2.6334702945396384
Student-t,DIA-SPY,net,5031,240,-59.43491010069011,-2.9770616866177515,4.661816588791026,-0.6386054942135356,-0.8842897105371,-65.38246794475148,-24.764545875287546,-3.8503368475558672,0.00011795548433196632,59.583333333333336,-1.947267852249749,-2.609091438293909,0.34704821995826796,188,44.148936170212764,79.25531914893617,22.76063829787234,754.8447103192118,88.78950506857484,37.742235515960594,-2.8737930183754
Student-t,DIA-SPY,gross,5031,240,-21.69267458472952,-1.0865740400222301,4.638238652926079,-0.23426436656870903,-0.32891592008147563,-32.3033938952859,-9.03861441030397,-1.341032158719583,0.1799100117050606,51.66666666666667,-1.8304546936237092,-2.5368951554005443,0.6834495720796759,188,62.76595744680851,79.25531914893617,22.76063829787234,754.8447103192118,88.78950506857484,37.742235515960594,-2.8737930183754
Student-t,Portfolio,net,5031,240,-106.44115760872235,-5.331578556429742,9.817038880426063,-0.5430943710593056,-0.7420210286782283,-105.9189145170541,-44.350482336967644,-2.4579149188464147,0.01397462770406711,57.08333333333333,-5.025490281288673,-6.060477862550196,-0.06441157608722214,510,,,,684.3981041533617,,34.21990520766809,-10.552520815409908
Student-t,Portfolio,gross,5031,240,-72.22125240105427,-3.6175224816270473,9.816665555153076,-0.3685082741489646,-0.5066735717767077,-75.39297694717065,-30.092188500439274,-1.6245152036747161,0.10426589824791904,52.916666666666664,-4.91214703717358,-5.919221083047333,0.2777874759894582,510,,,,684.3981041533617,,34.21990520766809,-10.552520815409908
Clayton,AAPL-GOOG,net,5031,240,-198.1620331518054,-9.925826347496512,24.074633977653757,-0.4122939670322603,-0.5668216608756464,-187.16216252025677,-82.56751381325225,-1.8999940274610403,0.05743390342247096,43.75,-14.261712970302087,-16.252103823691826,-1.0064453795415487,147,61.904761904761905,78.91156462585033,22.006802721088434,594.049551862498,67.22321606042536,29.7024775931249,-28.35782891015009
Clayton,AAPL-GOOG,gross,5031,240,-168.45955555868053,-8.438045716713873,24.074325449260552,-0.35049977763647155,-0.4827419205027771,-170.06803840405468,-70.19148148278353,-1.5983858231256145,0.10995713775277727,42.5,-14.261712970302087,-16.199849459171173,-0.8427233058609875,147,63.26530612244898,78.91156462585033,22.006802721088434,594.049551862498,67.22321606042536,29.7024775931249,-28.35782891015009
Clayton,IBM-SPY,net,5031,240,-74.90706139469567,-3.7520531646716972,14.646337528562315,-0.2561768877273716,-0.3558498036837508,-91.9063310324507,-31.2112755811232,-1.1295331039132437,0.25867301289966016,41.66666666666667,-7.422590835779727,-10.337506661467543,0.10349265064135615,145,54.48275862068965,86.20689655172413,20.724137931034484,583.4028413427179,62.61180679785331,29.1701420671359,-7.839680592280793
Clayton,IBM-SPY,gross,5031,240,-45.73691932755977,-2.29093692517294,14.637556406963215,-0.1565108862079685,-0.2181031710002677,-72.97505275355883,-19.05704971981659,-0.6821484626773444,0.49514507910041194,40.416666666666664,-7.407467592066968,-10.245000945688576,0.3941321982832322,145,62.758620689655174,86.20689655172413,20.724137931034484,583.4028413427179,62.61180679785331,29.1701420671359,-7.839680592280793
Clayton,DIA-SPY,net,5031,240,-46.18494133336492,-2.3133780989878674,4.051104360171459,-0.5710487544413583,-0.8002575204368819,-51.479430683844626,-19.24372555556872,-3.2358638979105567,0.0012127519384971999,49.583333333333336,-1.8630551273169746,-2.560229100257936,0.4852056931615537,145,45.51724137931035,81.37931034482759,22.855172413793102,583.5400881546537,68.75372689326178,29.177004407732692,-2.914613283796309
Clayton,DIA-SPY,gross,5031,240,-17.00793692563223,-0.8519181286542082,4.037120750572771,-0.21102121568529786,-0.29990872698717536,-23.627679699791294,-7.086640385680095,-1.1103554045819493,0.2668459070576181,41.66666666666667,-1.70142946326489,-2.4775846312471344,0.7638552691276979,145,59.310344827586206,81.37931034482759,22.855172413793102,583.5400881546537,68.75372689326178,29.177004407732692,-2.914613283796309
Clayton,Portfolio,net,5031,240,-106.41801195995535,-5.330419203718694,9.531130788839553,-0.5592640917235479,-0.7659855289037318,-106.18974196644577,-44.34083831664806,-2.8128642003348294,0.004910238321461398,53.333333333333336,-4.943448751188898,-6.336247610783798,-0.06418011959955061,437,,,,586.9974937866232,,29.34987468933116,-13.129210616125535
Clayton,Portfolio,gross,5031,240,-77.06813727062416,-3.860300256847006,9.530208155966514,-0.4050593852381087,-0.5580318501443439,-78.37820176949816,-32.11172386276008,-2.003202419977997,0.04515556603256265,49.166666666666664,-4.877440856414582,-6.20767276864951,0.22931862729375874,437,,,,586.9974937866232,,29.34987468933116,-13.129210616125535
Frank,AAPL-GOOG,net,5031,240,-220.8367476652063,-11.061590222944144,23.35056834482155,-0.47371824358173575,-0.6442323202479395,-202.27980900379126,-92.01531152716932,-1.9250744185046407,0.05422004880134824,47.5,-13.988402322218294,-16.391408002599388,-1.281420688634837,157,54.14012738853503,81.52866242038218,21.203821656050955,636.1053657574238,69.29039952295766,31.80526828787119,-29.717007520012263
Frank,AAPL-GOOG,gross,5031,240,-189.0314793773351,-9.46848197238888,23.3525780852634,-0.4054576731450455,-0.5524624465993755,-174.14135049620018,-78.76311640722297,-1.630299458373095,0.10303822199933635,46.25,-13.883111011130325,-16.30772052155019,-0.9807496336805306,157,57.961783439490446,81.52866242038218,21.203821656050955,636.1053657574238,69.29039952295766,31.80526828787119,-29.717007520012263
Frank,IBM-SPY,net,5031,240,-89.77792789534172,-4.496926620875793,15.478110023732134,-0.29053460751866905,-0.40975513233381855,-103.76821150280362,-37.40746995639239,-1.469095634526772,0.14180685167109894,52.083333333333336,-7.312589028824674,-9.766877092735927,-0.045216014365106805,165,46.666666666666664,82.42424242424242,21.381818181818183,662.834549559004,73.40488968395945,33.1417274779502,-8.544545611732612
Frank,IBM-SPY,gross,5031,240,-56.636200417391514,-2.8368758706385733,15.469390432913594,-0.18338640316444968,-0.2594220681598162,-77.42375815970394,-23.598416840579805,-0.9162649978436159,0.3595279217268512,48.333333333333336,-7.11605877166582,-9.665812918050994,0.28513938738491484,165,53.939393939393945,82.42424242424242,21.381818181818183,662.834549559004,73.40488968395945,33.1417274779502,-8.544545611732612
Frank,DIA-SPY,net,5031,240,-54.20898261330365,-2.715297876873886,4.230832672235866,-0.6417880562123327,-0.8846982676990481,-64.49114539077438,-22.587076088876522,-3.230359548595381,0.0012363463224749178,55.00000000000001,-1.8512145956548238,-2.5773901851313274,0.35595104418474544,179,45.81005586592179,81.00558659217877,20.497206703910614,718.6522019198349,76.48578811369508,35.93261009599174,-2.5431456925182583
Frank,DIA-SPY,gross,5031,240,-18.276372517311895,-0.9154533640156226,4.21472378221406,-0.21720364401548536,-0.30446585506777124,-37.043898041482684,-7.615155215546624,-0.9682974932678722,0.33289581633666443,48.75,-1.7599959061680652,-2.458149009408843,0.6342242327254937,179,58.659217877094974,81.00558659217877,20.497206703910614,718.6522019198349,76.48578811369508,35.93261009599174,-2.5431456925182583
Frank,Portfolio,net,5031,240,-121.60788605795054,-6.091271573564607,9.544468875272102,-0.6381991133467814,-0.8683752542768909,-123.54539128544761,-50.66995252414607,-3.1473639128419313,0.001647497759692757,56.25,-4.978217310946858,-6.124411105710078,-0.25025952676880947,501,,,,672.5307057454208,,33.62653528727104,-13.082131420774692
Frank,Portfolio,gross,5031,240,-87.9813507706795,-4.406937069014358,9.536006806885672,-0.46213652719209863,-0.6328251053982376,-93.23833199711389,-36.6588961544498,-2.21948371957677,0.0264538336075909,52.5,-4.815843559022951,-5.989675927722369,0.07478046073458422,501,,,,672.5307057454208,,33.62653528727104,-13.082131420774692
Gumbel,AAPL-GOOG,net,5031,240,-183.92271137541815,-9.212586616300014,23.366348678552352,-0.39426727483340684,-0.5364026458478804,-170.52771202353742,-76.6344630730909,-1.6148476091000419,0.1063437001710844,45.0,-13.40791034872392,-16.3882355647578,-0.8631659362464219,154,63.63636363636363,82.46753246753246,20.746753246753247,622.5499466601971,66.56728284635261,31.127497333009856,-24.54344665229048
Gumbel,AAPL-GOOG,gross,5031,240,-152.79521404240833,-7.65342753700793,23.36571769603608,-0.32754943103272666,-0.44643892591376594,-143.24153901235857,-63.66467251767013,-1.3276788810149611,0.1842842132320892,44.166666666666664,-13.402654065822448,-16.345422456135626,-0.5532792360741432,154,65.5844155844156,82.46753246753246,20.746753246753247,622.5499466601971,66.56728284635261,31.127497333009856,-24.54344665229048
Gumbel,IBM-SPY,net,5031,240,-19.064731462662223,-0.9549418263945298,14.633594471889086,-0.06525681904257759,-0.09429697619946843,-47.25784727986161,-7.943638109442605,-0.33265262704279475,0.739396512890551,41.66666666666667,-7.168396289680756,-9.850594201146592,0.6364291668345231,171,58.47953216374269,87.71929824561403,18.444444444444443,685.8744886590256,66.09024050884516,34.29372443295128,2.22037606327416
Gumbel,IBM-SPY,gross,5031,240,15.228992970289049,0.7628118124652833,14.630720757143811,0.052137678322704745,0.07559288390251862,-36.06077253285746,6.3454137376204285,0.2597759902920096,0.7950365722649191,38.333333333333336,-6.884235569208099,-9.732505119894864,0.7904956679860105,171,63.74269005847953,87.71929824561403,18.444444444444443,685.8744886590256,66.09024050884516,34.29372443295128,2.22037606327416
Gumbel,DIA-SPY,net,5031,240,-45.458279335178254,-2.2769800024776226,4.306557496327772,-0.5287239295932348,-0.7323512333010901,-51.72455032678038,-18.940949722990936,-3.028273447011782,0.0024595541958087543,53.75,-1.8546951471855397,-2.563719492825152,0.48275449673219617,181,44.19889502762431,83.42541436464089,21.14364640883978,726.8594315224353,79.66607036374478,36.34297157612177,-1.2540674804155891
Gumbel,DIA-SPY,gross,5031,240,-9.11530775905648,-0.45658071065041395,4.290783305576993,-0.10640964088234615,-0.1496540096817053,-19.341329920493465,-3.7980448996068654,-0.582298834065849,0.5603654107065423,46.666666666666664,-1.7844530194255512,-2.4968267151354957,0.8210584534624078,181,58.011049723756905,83.42541436464089,21.14364640883978,726.8594315224353,79.66607036374478,36.34297157612177,-1.2540674804155891
Gumbel,Portfolio,net,5031,240,-82.81524072441955,-4.1481694817240555,9.335730499112712,-0.44433260815726283,-0.609361957009484,-84.70036158367547,-34.50635030184148,-1.9733382292377115,0.04845704015075686,51.24999999999999,-4.762336640800819,-5.856405778449462,0.15980088347080657,506,,,,678.427955613886,,33.921397780694306,-7.2069322231102495
Gumbel,Portfolio,gross,5031,240,-48.89384294372525,-2.449065478397687,9.3346110154355,-0.26236395649995137,-0.3620373026142926,-55.07058457857439,-20.372434559885512,-1.1386923775968982,0.2548314830838657,47.91666666666667,-4.762336640800819,-5.761036730073119,0.4864032758682192,506,,,,678.427955613886,,33.921397780694306,-7.2069322231102495
CFG,AAPL-GOOG,net,5031,240,-207.12239323330465,-10.374645814906138,24.537828379069136,-0.42280211820846175,-0.5805506602891597,-186.72796835823226,-86.30099718054362,-1.7524182092404175,0.07970192259183702,50.416666666666664,-13.932557134289784,-16.481921405126474,-1.1127064567722926,166,57.22891566265061,81.32530120481928,20.64457831325301,671.3224271525501,71.4172132776784,33.5661213576275,-25.852893461615064
CFG,AAPL-GOOG,gross,5031,240,-173.55627187567717,-8.69333741058848,24.54129912127967,-0.3542329755090479,-0.4872943298901091,-158.30086332074933,-72.31511328153213,-1.4478150057567716,0.1476687949441138,48.333333333333336,-13.885013284163291,-16.451138336621206,-0.7944185892733229,166,61.44578313253012,81.32530120481928,20.64457831325301,671.3224271525501,71.4172132776784,33.5661213576275,-25.852893461615064
CFG,IBM-SPY,net,5031,240,-45.649135290511786,-2.286539871438873,15.94097465312271,-0.1434378964394726,-0.2062988359603767,-70.27646265327563,-19.020473037713245,-0.6930775723032293,0.488260871532898,48.75,-7.313193904453145,-9.836460260944929,0.3708263903247251,178,52.80898876404494,84.8314606741573,20.573033707865168,714.4768283697103,76.3267740011926,35.72384141848552,-1.3891694562962602
CFG,IBM-SPY,gross,5031,240,-9.92529387202627,-0.4971524658617809,15.94171376051994,-0.03118563495306205,-0.04498976967468003,-49.207534989745504,-4.135539113344277,-0.14772766208463012,0.8825576999671627,45.0,-7.121049191092578,-9.727636076335616,0.7075617993193153,178,60.1123595505618,84.8314606741573,20.573033707865168,714.4768283697103,76.3267740011926,35.72384141848552,-1.3891694562962602
CFG,DIA-SPY,net,5031,240,-49.214927288087665,-2.465148415145715,4.47367807997459,-0.5510339302643155,-0.7711989940387927,-58.825158064311914,-20.506219703369865,-3.0384058198548622,0.002378334329828913,59.583333333333336,-1.949638164662904,-2.6040908498012185,0.4117484193568809,208,46.63461538461539,82.6923076923077,19.995192307692307,834.8848963051875,86.80182866229377,41.74424481525937,-0.8948158609516187
CFG,DIA-SPY,gross,5031,240,-7.470682472828292,-0.3742023421094673,4.4549626216247376,-0.08399674113831164,-0.1194716992336331,-25.07946658557676,-3.1127843636784567,-0.41056754584391086,0.681389665185756,52.083333333333336,-1.7510330173259072,-2.5087359285406277,0.7601138067096053,208,60.09615384615385,82.6923076923077,19.995192307692307,834.8848963051875,86.80182866229377,41.74424481525937,-0.8948158609516187
CFG,Portfolio,net,5031,240,-100.66215193730135,-5.0421113671635736,9.94324999228899,-0.5070888664243322,-0.6993881495831626,-105.421200093449,-41.9425633072089,-2.3775847848308924,0.017426436263694136,55.833333333333336,-4.776505834257355,-5.96086598223589,-0.05755830485219571,552,,,,740.2280506091492,,37.01140253045747,-8.598802673644204
CFG,Portfolio,gross,5031,240,-63.65074940684391,-3.18823073951991,9.94223952208326,-0.32067530986739495,-0.4453454881963446,-74.39924227314762,-26.521145586184957,-1.4523812727191356,0.14639562054008676,52.916666666666664,-4.65679020471837,-5.826703764534644,0.28199881456829723,552,,,,740.2280506091492,,37.01140253045747,-8.598802673644204
CtG,AAPL-GOOG,net,5031,240,-193.52205163530815,-9.693412246491285,24.60593528630845,-0.3939461001462121,-0.5423646348052404,-184.69480262615863,-80.63418818137839,-1.636171125072561,0.10180377781904386,50.0,-13.932557134289784,-16.477228869459715,-1.073756105799018,168,57.14285714285714,81.54761904761905,20.36904761904762,678.9332906926138,71.35758298548997,33.94666453463069,-23.50383893208221
CtG,AAPL-GOOG,gross,5031,240,-159.57538710067746,-7.993042645472216,24.603718334504958,-0.3248713278538287,-0.44811325856329093,-155.93062029612818,-66.48974462528227,-1.331352367172022,0.1830730947483722,48.333333333333336,-13.885013284163291,-16.44644580095445,-0.7536318164572902,168,61.30952380952381,81.54761904761905,20.36904761904762,678.9332906926138,71.35758298548997,33.94666453463069,-23.50383893208221
CtG,IBM-SPY,net,5031,240,-48.30627254263264,-2.419634402851009,16.085553868023453,-0.15042282178800268,-0.21552769900742982,-72.2768378833723,-20.127613559430266,-0.70296134934381,0.48207983669710053,49.166666666666664,-7.416416799468715,-10.077748097311854,0.3695005391619868,176,56.81818181818182,84.6590909090909,20.755681818181817,706.7507689601875,76.1081295965017,35.337538448009376,-1.834979835070232
CtG,IBM-SPY,gross,5031,240,-12.968734094623247,-0.6495966988362271,16.087187630922088,-0.04037975522754522,-0.05803990907224867,-53.01313587642785,-5.40363920609301,-0.18467243474100734,0.8534859681565623,45.0,-7.410138130525061,-9.968727830784129,0.7218140506125981,176,61.93181818181818,84.6590909090909,20.755681818181817,706.7507689601875,76.1081295965017,35.337538448009376,-1.834979835070232
CtG,DIA-SPY,net,5031,240,-55.606557119015285,-2.785301608823664,4.67538521982809,-0.5957373516542187,-0.8281121257957824,-64.55078955672353,-23.169398799589707,-3.4393864015818183,0.0005830344150866789,60.83333333333333,-1.949638164662904,-2.6600695778482764,0.35538597504959624,192,46.35416666666667,80.72916666666666,22.479166666666668,771.4566261081554,89.60445239515008,38.57283130540777,-2.207995269875283
CtG,DIA-SPY,gross,5031,240,-17.03372581360752,-0.8532098797513605,4.648786326233915,-0.1835338989311141,-0.258739657407176,-32.535650280823305,-7.0973857556698,-0.9512552373442726,0.3414748240882225,52.083333333333336,-1.830901363002868,-2.5827834952873103,0.6799848574379985,192,62.5,80.72916666666666,22.479166666666668,771.4566261081554,89.60445239515008,38.57283130540777,-2.207995269875283
CtG,Portfolio,net,5031,240,-99.14496043231867,-4.966116086055318,9.968281980645306,-0.49819177423929895,-0.6884300808917876,-106.27475730990119,-41.31040018013278,-2.3925541527745184,0.016731558818765205,55.833333333333336,-5.0035798595980685,-5.936797016261107,-0.06606776477678689,536,,,,719.0468952536522,,35.952344762682614,-8.788385860054948
CtG,Portfolio,gross,5031,240,-63.192615669636076,-3.1652830746866014,9.96572539319954,-0.3176169269972603,-0.4416328460885054,-75.57497317284344,-26.330256529015028,-1.4748577766211435,0.1402507841053999,53.333333333333336,-4.934770746849901,-5.827584157510452,0.2662130044305171,536,,,,719.0468952536522,,35.952344762682614,-8.788385860054948
Distance,AAPL-GOOG,net,5031,240,-61.2530615730547,-3.068131885591291,13.894580648651472,-0.22081500429371118,-0.2992935766641081,-97.78577501504998,-25.522108988772793,-1.0652301868009872,0.286771776362704,18.75,-7.603484359304853,-12.028000932017786,0.025863902977299014,22,50.0,18.181818181818183,59.72727272727273,90.62402394284516,26.55535678791493,4.531201197142258,-62.59031315105345
Distance,AAPL-GOOG,gross,5031,240,-56.721860375912435,-2.8411665304571523,13.889533485609363,-0.204554496621562,-0.27742847697712286,-96.10458641388816,-23.63410848996351,-0.986044395226313,0.32411132787861086,17.916666666666668,-7.603484359304853,-11.986367377698253,0.045540472605052895,22,50.0,18.181818181818183,59.72727272727273,90.62402394284516,26.55535678791493,4.531201197142258,-62.59031315105345
Distance,IBM-SPY,net,5031,240,-8.929907652270089,-0.4472941221172853,9.313922902682627,-0.0480242457223319,-0.07121507676976262,-34.35334722234343,-3.720794855112535,-0.3073493826948375,0.7585774514616225,15.833333333333332,-4.157722455810094,-7.1544469140013405,0.7717546007621314,23,39.130434782608695,13.043478260869565,58.52173913043478,93.13931078416145,27.211290001987678,4.656965539208073,-4.587689212092214
Distance,IBM-SPY,gross,5031,240,-4.272942113062015,-0.21402930083315994,9.312263205213451,-0.022983596588349874,-0.03413165888507828,-31.308221051373774,-1.780392547109169,-0.1467401819153136,0.8833371013043623,15.416666666666668,-4.0627224558100945,-7.102522371379773,0.8110540760531981,23,39.130434782608695,13.043478260869565,58.52173913043478,93.13931078416145,27.211290001987678,4.656965539208073,-4.587689212092214
Distance,DIA-SPY,net,5031,240,-25.918724818748746,-1.2982545526385776,2.967331350352034,-0.43751586841980317,-0.6021571860001119,-31.97536810944859,-10.799468674478643,-2.57916590239164,0.009903920922617672,20.833333333333336,-1.5156315469053236,-2.3411633634550104,0.7124928943430797,24,20.833333333333336,8.333333333333332,60.5,97.07347136647897,29.338103756708406,4.853673568323948,-21.700111218747345
Distance,DIA-SPY,gross,5031,240,-21.065051250424794,-1.0551367352627805,2.9605092090097784,-0.35640380109329206,-0.49229892588607077,-28.118347652115894,-8.777104687676998,-2.1153119683099404,0.034403367080943235,18.75,-1.5138897994951561,-2.314826499168641,0.7578923949430856,24,33.33333333333333,8.333333333333332,60.5,97.07347136647897,29.338103756708406,4.853673568323948,-21.700111218747345
Distance,Portfolio,net,5031,240,-32.03389801469119,-1.604560186782385,5.799830722856216,-0.2766563824801071,-0.3857344369652054,-40.47533325691312,-13.347457506121328,-1.5870545706981976,0.11250028570686237,37.083333333333336,-3.2791921277174527,-4.5169471471585405,0.6275651454064523,69,,,,93.61226869782854,,4.680613434891426,-29.21976463159283
Distance,Portfolio,gross,5031,240,-27.35328457979975,-1.3701108555176977,5.796666261118795,-0.2363618662519407,-0.33023498887240915,-38.159875437715954,-11.397201908249896,-1.3541598385980425,0.17568538886648322,35.0,-3.247525461050786,-4.471876853795023,0.6527963317205205,69,,,,93.61226869782854,,4.680613434891426,-29.21976463159283
Cointegration,AAPL-GOOG,net,5031,240,24.940817348308126,1.2492717097542532,3.032184580235144,0.4120038463019204,0.8819519365186674,-4.775175664534858,10.392007228461718,1.5125090419024552,0.1304044141689155,1.25,0.0,-0.014634509014332114,0.9850632671201529,4,100.0,50.0,31.5,17.50364754984647,2.5839793281653747,0.8751823774923235,147.48925703789604
Cointegration,AAPL-GOOG,gross,5031,240,25.815999725800452,1.2931091097002017,3.034929346408377,0.42607552338261323,0.9151241131064619,-4.754173951018615,10.756666552416856,1.5190998975850418,0.12873735251750548,1.25,0.0,-0.013325143663550426,0.9859270233437959,4,100.0,50.0,31.5,17.50364754984647,2.5839793281653747,0.8751823774923235,147.48925703789604
Cointegration,IBM-SPY,net,5031,240,-8.680108133824643,-0.43478180276760287,4.268739133763615,-0.10185251174724964,-0.13501855216746494,-21.127925210490417,-3.616711722426932,-0.4671764634759265,0.6403736315068616,5.416666666666667,-0.5691386561575443,-3.1158240741483563,0.8931020962923466,5,40.0,40.0,73.8,23.466859280694294,7.433909759491154,1.1733429640347144,-31.988793557753965
Cointegration,IBM-SPY,gross,5031,240,-7.506765169789925,-0.37600970439019304,4.265807772996459,-0.08814501834105619,-0.11695172399748194,-20.55682128120987,-3.127818820745802,-0.40767167598169535,0.6835147345946209,5.416666666666667,-0.4455393374119301,-3.0706852190714455,0.9034769877890755,5,40.0,40.0,73.8,23.466859280694294,7.433909759491154,1.1733429640347144,-31.988793557753965
Cointegration,DIA-SPY,net,5031,240,0.0,0.0,0.0,,,0.0,0.0,,,0.0,0.0,0.0,1.0,0,,,,0.0,0.0,0.0,
Cointegration,DIA-SPY,gross,5031,240,0.0,0.0,0.0,,,0.0,0.0,,,0.0,0.0,0.0,1.0,0,,,,0.0,0.0,0.0,
Cointegration,Portfolio,net,5031,240,5.420236404827827,0.27149663566221677,1.7807567620577933,0.15246138127729628,0.23056969663228288,-6.382578784168203,2.258431835344929,0.8957739535508966,0.37037350358569643,5.416666666666667,-0.024002972113497265,-0.8657033580860929,0.9775520823379183,9,,,,13.656835610180254,,0.6828417805090128,44.68881635206479
Cointegration,Portfolio,gross,5031,240,6.103078185336841,0.3056998017700028,1.7810557426144975,0.1716396598128093,0.2600733151192458,-6.104470702036724,2.5429492438903507,0.9958151032476705,0.31933999056954054,5.416666666666667,-0.021953733025295148,-0.8424681456059001,0.9778063675809624,9,,,,13.656835610180254,,0.6828417805090128,44.68881635206479
