method,pair,cumulative_return_pct,cagr_pct,annual_mean_pct,annual_vol_pct,sharpe,max_drawdown_pct,min_equity_per_initial_dollar,final_equity_per_initial_dollar
Selected,AAPL-GOOG,-95.63564551283936,-14.518064309506705,-11.579396666290949,28.548066272970356,-0.4056105431300073,-96.69365790958999,0.04202213057835025,0.043643544871606425
Selected,IBM-SPY,-49.54143011467276,-3.368176334293882,-2.054392658728872,16.588759750197564,-0.12384245053066158,-66.27508732192452,0.42443806668194384,0.5045856988532724
Selected,DIA-SPY,-44.01904234997684,-2.864164615462983,-2.7937742529171,4.734076412514961,-0.5901413516544651,-48.83902782356163,0.5128942507852499,0.5598095765002316
Selected,Portfolio,-63.06537265916299,-4.866605127181344,-4.519948761501322,9.684326549031583,-0.46672824781536404,-66.90490180799293,0.3455356501212355,0.3693462734083701
Best-single,AAPL-GOOG,-95.19271466276649,-14.103177835883486,-11.511994445462237,27.056957697484208,-0.42547261130295655,-96.14323146273418,0.046223439605234104,0.048072853372335037
Best-single,IBM-SPY,-57.9543779158975,-4.2470015218478485,-3.001353253742922,16.375671955500195,-0.18328122729246782,-72.03613902618726,0.3536715882034033,0.42045622084102496
Best-single,DIA-SPY,-46.03241348205781,-3.042213915112324,-2.9778676666627564,4.720269487122185,-0.6308681474197521,-49.20512790556649,0.5092240580722431,0.5396758651794219
Best-single,Portfolio,-66.39316868690727,-5.31547181646872,-5.038995700174328,9.190778288008849,-0.5482664843246926,-70.07369456492833,0.3189383668026295,0.3360683131309273
BIC,AAPL-GOOG,-95.39989524661732,-14.292509988350766,-11.705264878049796,27.155998353969856,-0.4310379138146706,-96.44476940894712,0.04423133833950882,0.04600104753382685
BIC,IBM-SPY,-59.53444714024614,-4.430540572177466,-3.20596025569651,16.29688421081382,-0.19672228226112026,-72.91137381845901,0.3403806541097441,0.40465552859753856
BIC,DIA-SPY,-45.882437424794134,-3.0287352997690697,-2.965690512556116,4.6841160012457586,-0.6331377172912412,-49.06396882958295,0.5106391929971315,0.5411756257520587
BIC,Portfolio,-66.93892660388588,-5.393091185375409,-5.12269607681886,9.171675452895643,-0.5585343815454726,-70.17045287067086,0.31390862820165316,0.3306107339611413
Distance,AAPL-GOOG,-54.981840918447645,-3.9188077061866444,-2.9291506839603034,14.57705949551538,-0.2009424935709053,-71.70111473773414,0.33055341158363977,0.4501815908155235
Distance,IBM-SPY,-12.309056105265892,-0.6557730130823392,-0.21986368120168115,9.383899746523552,-0.023429883858588102,-34.68923437416668,0.7702774486376232,0.8769094389473411
Distance,DIA-SPY,-23.329251516649784,-1.3218120590325455,-1.2855836306146489,3.0000820570279934,-0.42851615595081477,-28.899972364323045,0.7450261864082615,0.7667074848335022
Distance,Portfolio,-30.206716180121106,-1.7852509130398264,-1.6571701209089562,5.37112315173221,-0.3085332572153949,-34.35005779851201,0.6921435730404465,0.6979328381987889
Cointegration,AAPL-GOOG,27.184236013758458,1.2117666104184854,1.2491932519037432,3.010971059901342,0.4148805242733467,-5.427617827073449,0.9850632671201525,1.2718423601375846
Cointegration,IBM-SPY,-10.34634176197482,-0.5455641576500025,-0.45089177255563045,4.373453507288045,-0.10309741987750685,-22.9308125984231,0.8748458135707842,0.8965365823802518
Cointegration,DIA-SPY,0.0,0.0,0.0,0.0,,0.0,1.0,1.0
Cointegration,Portfolio,5.612631417261205,0.27390183845956706,0.2903665549338362,1.8364918564533361,0.15810936155992375,-7.004981858313409,0.9775520823379183,1.056126314172612
