period,method,days,months,cumulative_pnl_pct,annual_mean_pct,annual_vol_pct,sharpe,sortino,max_drawdown_pct,monthly_mean_bps,monthly_hac_t,monthly_hac_p,negative_month_pct,monthly_var95_pct,monthly_cvar95_pct,min_equity_per_initial_dollar
2006-2015,Selected,2517,120,-61.74400193365154,-6.181759430782751,10.0983367828619,-0.6121561959860505,-0.8338385370667523,-64.11551575076646,-51.45333494470962,-2.0863747931484493,0.03694468646425391,55.833333333333336,-5.102148962519412,-6.001572122729843,0.3807297109149813
2006-2015,Best-single,2517,120,-64.44283506551464,-6.451964416571193,9.619173748103629,-0.6707399809513958,-0.9000375537100114,-66.94169970922509,-53.70236255459556,-2.2205082134472613,0.02638428876523777,57.49999999999999,-5.105729259926068,-6.112332685908636,0.35557164934485186
2006-2015,BIC,2517,120,-67.51748366907665,-6.759795742791942,9.596899881075185,-0.7043728523334987,-0.9414928918936144,-69.39868254529576,-56.26456972423057,-2.3701184492584226,0.017782387330645917,57.49999999999999,-5.099520042512068,-5.859055207149918,0.32482516330923306
2006-2015,Distance,2517,120,-32.842305216044885,-3.2881449799139095,5.695135098816607,-0.5773603124177255,-0.7719041591489761,-36.300805892274234,-27.368587680037404,-2.3685704228030553,0.017856980483917706,40.0,-3.2791921277174527,-4.761668552137062,0.6715769478395515
2006-2015,Cointegration,2517,120,6.02631837188429,0.6033501111302507,2.0225652228531557,0.2983093471166916,0.4493219680521299,-3.019723498088689,5.021931976570244,1.0531504497143507,0.29227204399326456,7.5,-0.5028632347230662,-1.0130361952418658,0.9775520823379183
2016-2025,Selected,2514,120,-37.06190939282715,-3.7150362637201435,9.82195968507795,-0.37823778378608364,-0.5323279102887792,-48.77444195008553,-30.88492449402262,-1.2996542357683118,0.19371950206587607,55.833333333333336,-4.217540358155311,-5.823571080420006,0.5871137672870221
2016-2025,Best-single,2514,120,-48.16848494865607,-4.828344553325907,9.726366310998094,-0.4964181276892949,-0.6890212737674306,-53.23429973597491,-40.140404123880046,-1.7288858867558274,0.08382952045645034,56.666666666666664,-4.741803321915728,-6.0540289170660735,0.5183151505134398
2016-2025,BIC,2514,120,-46.33804419417459,-4.644863618509148,9.72889013817841,-0.47742995886875433,-0.6633374846354247,-51.56683521709493,-38.615036828478814,-1.653089872794852,0.09831257410453582,57.49999999999999,-4.741803321915728,-6.065931056080416,0.536619558058254
2016-2025,Distance,2514,120,0.8084072013537048,0.08103365741492982,5.9020154517343455,0.013729828069344948,0.01997312943169983,-10.770788612802274,0.6736726677947525,0.05885364130986095,0.9530686828813207,34.166666666666664,-3.2310297981288727,-4.27222574218002,0.9559881975669006
2016-2025,Cointegration,2514,120,-0.6060819670564632,-0.060752846339788676,1.5002357314831125,-0.040495533511743016,-0.06170372133471317,-5.633552181252377,-0.5050683058803856,-0.3792167999646887,0.7045268770769726,3.3333333333333335,0.0,-0.02878275569185416,0.9605163767678315
GFC 2007-2009,Selected,756,36,3.1499272429435523,1.0499757476478508,10.096383906704135,0.10399522812822647,0.15646596667354143,-13.364747295724321,8.749797897065417,0.31011391250914694,0.7564743328093941,52.77777777777778,-4.710251073765657,-5.158462323636533,0.9679045009225826
GFC 2007-2009,Best-single,756,36,-2.4803574234247847,-0.8267858078082615,8.906671720014213,-0.09282769521530565,-0.1317480368594429,-16.126647274795847,-6.889881731735522,-0.22659749591832537,0.8207367396181852,55.55555555555556,-4.764615714903555,-6.053157406721012,0.9239755461079386
GFC 2007-2009,BIC,756,36,-1.381394907836033,-0.46046496927867764,8.816914348519669,-0.05222518344595104,-0.07408582146826893,-15.928962888104447,-3.8372080773223134,-0.13590639650590386,0.8918952787173794,55.55555555555556,-4.360178151760069,-4.881132891678427,0.920909673026114
GFC 2007-2009,Distance,756,36,-1.5922224300482877,-0.5307408100160959,6.027676929971726,-0.08805063977086533,-0.12530246201131237,-9.380365246730737,-4.422840083467469,-0.27755942475182754,0.7813505829940371,41.66666666666667,-1.8554027686066517,-4.161014384518519,0.9359412463759611
GFC 2007-2009,Cointegration,756,36,4.220111253668433,1.406703751222811,2.6218021345483735,0.5365407757840304,0.902838903607697,-2.244791766208165,11.722531260190088,0.9857832637953184,0.32423948018564686,8.333333333333332,-0.6437020775673322,-0.9591951506147152,0.9775520823379183
2020,Selected,253,12,4.503360204580321,4.48556036187447,10.498890540518788,0.4272413684629978,0.6467952698441158,-10.484089575787813,37.528001704835994,1.032558613372785,0.30181050459588166,41.66666666666667,-4.106027844412512,-7.624973082970662,0.9838260621363882
2020,Best-single,253,12,3.229180872975812,3.2164173122130615,10.505409443724808,0.3061677252507586,0.4551233897267954,-10.855757476224358,26.909840608131756,0.7173710729582748,0.47314516356563663,33.33333333333333,-4.60558445885567,-7.924875386546335,0.9671726527645463
2020,BIC,253,12,3.229180872975812,3.2164173122130615,10.505409443724808,0.3061677252507586,0.4551233897267954,-10.855757476224358,26.909840608131756,0.7173710729582748,0.47314516356563663,33.33333333333333,-4.60558445885567,-7.924875386546335,0.9671726527645463
2020,Distance,253,12,2.4344282558621386,2.4248060097915376,7.463227701843617,0.32490044611563246,0.5095268226927426,-5.9002270393068486,20.2869021321845,0.7711931110091553,0.44059247691788006,41.66666666666667,-2.5291382925844235,-4.315393094931444,0.9996666666666667
2020,Cointegration,253,12,0.0,0.0,0.0,,,0.0,0.0,,,0.0,0.0,0.0,1.0
2022,Selected,251,12,-8.759188293143486,-8.794085457658003,8.88962740266616,-0.9892524241252785,-1.26906218658392,-17.143791066785642,-72.99323577619573,-0.9449266284315553,0.34469633578702685,50.0,-5.241098582359867,-7.225812181502501,0.8383501960865578
2022,Best-single,251,12,-11.111001984273722,-11.15526892445011,9.45139813740896,-1.1802771148003142,-1.4882220970880853,-17.909256253950357,-92.59168320228105,-1.3843307582188316,0.16625720001051025,50.0,-6.215507790490412,-7.225812181502501,0.8318777361292373
2022,BIC,251,12,-11.1029143544478,-11.147149072991416,9.348501791584818,-1.1923995225658164,-1.5026165115415158,-17.710609291526712,-92.524286287065,-1.3983724297178064,0.16200125789711972,58.333333333333336,-6.215507790490412,-7.225812181502501,0.8338907521874318
2022,Distance,251,12,-4.362831552159249,-4.380213351171836,5.248002859385377,-0.8346438575844883,-1.0270751114920262,-7.766612353805302,-36.356929601327074,-1.4216081715282451,0.15514003124247733,33.33333333333333,-3.632411613637623,-3.8129775499272225,0.922333876461947
2022,Cointegration,251,12,0.0,0.0,0.0,,,0.0,0.0,,,0.0,0.0,0.0,1.0
